action_type,activity_comment,activity_id,activity_properties,assay_chembl_id,assay_description,assay_type,assay_variant_accession,assay_variant_mutation,bao_endpoint,bao_format,bao_label,canonical_smiles,data_validity_comment,data_validity_description,document_chembl_id,document_journal,document_year,ligand_efficiency,modality,molecule_chembl_id,molecule_pref_name,parent_molecule_chembl_id,pchembl_value,potential_duplicate,qudt_units,record_id,relation,src_id,standard_flag,standard_relation,standard_text_value,standard_type,standard_units,standard_upper_value,standard_value,target_chembl_id,target_organism,target_pref_name,target_tax_id,text_value,toid,type,units,uo_units,upper_value,value
,,946916,[],CHEMBL677572,Antibacterial activity against Escherichia coli FabI,B,,,BAO_0000190,BAO_0000357,single protein format,Nc1ccc(C(=O)N2CCc3c(n(Cc4ccc(O)cc4)c4ccccc34)C2)cc1,,,CHEMBL1133924,Bioorg Med Chem Lett,2001,"{'bei': '13.58', 'le': '0.25', 'lle': '1.22', 'sei': '7.55'}",,CHEMBL73331,,CHEMBL73331,5.40,0,http://www.openphacts.org/units/Nanomolar,128019,=,1,1,=,,IC50,nM,,4000.0,CHEMBL1857,Escherichia coli K-12,Enoyl-[acyl-carrier-protein] reductase [NADH] FabI,83333,,,IC50,uM,UO_0000065,,4.0
,,946918,[],CHEMBL677572,Antibacterial activity against Escherichia coli FabI,B,,,BAO_0000190,BAO_0000357,single protein format,O=C(c1ccccc1O)N1CCc2c(n(Cc3ccc(O)cc3)c3ccccc23)C1,,,CHEMBL1133924,Bioorg Med Chem Lett,2001,"{'bei': '13.47', 'le': '0.24', 'lle': '1.07', 'sei': '8.17'}",,CHEMBL72286,,CHEMBL72286,5.37,0,http://www.openphacts.org/units/Nanomolar,128017,=,1,1,=,,IC50,nM,,4300.0,CHEMBL1857,Escherichia coli K-12,Enoyl-[acyl-carrier-protein] reductase [NADH] FabI,83333,,,IC50,uM,UO_0000065,,4.3
,,949362,[],CHEMBL678213,Antibacterial activity against Staphylococcus aureus Enoyl-[acyl-carrier-protein] reductase was determined,B,,,BAO_0000190,BAO_0000357,single protein format,O=C(c1ccc(O)cc1)N1CCc2c([nH]c3ccccc23)C1,,,CHEMBL1133924,Bioorg Med Chem Lett,2001,"{'bei': '20.02', 'le': '0.36', 'lle': '2.78', 'sei': '10.39'}",,CHEMBL73311,,CHEMBL73311,5.85,0,http://www.openphacts.org/units/Nanomolar,128037,=,1,1,=,,IC50,nM,,1400.0,CHEMBL1857,Escherichia coli K-12,Enoyl-[acyl-carrier-protein] reductase [NADH] FabI,83333,,,IC50,uM,UO_0000065,,1.4
,,949363,[],CHEMBL678212,Antibacterial activity against Escherichia coli Enoyl-[acyl-carrier-protein] reductase was determined,B,,,BAO_0000190,BAO_0000357,single protein format,O=C(c1ccc(O)cc1)N1CCc2c([nH]c3ccccc23)C1,,,CHEMBL1133924,Bioorg Med Chem Lett,2001,"{'bei': '16.23', 'le': '0.29', 'lle': '1.67', 'sei': '8.42'}",,CHEMBL73311,,CHEMBL73311,4.75,0,http://www.openphacts.org/units/Nanomolar,128037,=,1,1,=,,IC50,nM,,18000.0,CHEMBL1857,Escherichia coli K-12,Enoyl-[acyl-carrier-protein] reductase [NADH] FabI,83333,,,IC50,uM,UO_0000065,,18.0
,,952070,[],CHEMBL678213,Antibacterial activity against Staphylococcus aureus Enoyl-[acyl-carrier-protein] reductase was determined,B,,,BAO_0000190,BAO_0000357,single protein format,O=C(c1ccc(O)cc1)N1CCc2c(n(Cc3ccccc3)c3ccccc23)C1,,,CHEMBL1133924,Bioorg Med Chem Lett,2001,"{'bei': '15.39', 'le': '0.28', 'lle': '1.30', 'sei': '12.94'}",,CHEMBL304367,,CHEMBL304367,5.89,0,http://www.openphacts.org/units/Nanomolar,128040,=,1,1,=,,IC50,nM,,1300.0,CHEMBL1857,Escherichia coli K-12,Enoyl-[acyl-carrier-protein] reductase [NADH] FabI,83333,,,IC50,uM,UO_0000065,,1.3
,,952071,[],CHEMBL678212,Antibacterial activity against Escherichia coli Enoyl-[acyl-carrier-protein] reductase was determined,B,,,BAO_0000190,BAO_0000357,single protein format,O=C(c1ccc(O)cc1)N1CCc2c(n(Cc3ccccc3)c3ccccc23)C1,,,CHEMBL1133924,Bioorg Med Chem Lett,2001,"{'bei': '11.95', 'le': '0.22', 'lle': '-0.02', 'sei': '10.05'}",,CHEMBL304367,,CHEMBL304367,4.57,0,http://www.openphacts.org/units/Nanomolar,128040,=,1,1,=,,IC50,nM,,27000.0,CHEMBL1857,Escherichia coli K-12,Enoyl-[acyl-carrier-protein] reductase [NADH] FabI,83333,,,IC50,uM,UO_0000065,,27.0
,,952259,[],CHEMBL677572,Antibacterial activity against Escherichia coli FabI,B,,,BAO_0000190,BAO_0000357,single protein format,O=C(c1ccc(Cl)cc1Cl)N1CCc2c(n(Cc3ccc(O)cc3)c3ccccc23)C1,,,CHEMBL1133924,Bioorg Med Chem Lett,2001,"{'bei': '9.85', 'le': '0.20', 'lle': '-1.45', 'sei': '9.78'}",,CHEMBL72725,,CHEMBL72725,4.45,0,http://www.openphacts.org/units/Nanomolar,128021,=,1,1,=,,IC50,nM,,35800.0,CHEMBL1857,Escherichia coli K-12,Enoyl-[acyl-carrier-protein] reductase [NADH] FabI,83333,,,IC50,uM,UO_0000065,,35.8
,,953491,[],CHEMBL677572,Antibacterial activity against Escherichia coli FabI,B,,,BAO_0000190,BAO_0000357,single protein format,Nc1ccc(Cn2c3c(c4ccccc42)CCN(C(=O)c2ccc(O)cc2)C3)cc1,,,CHEMBL1133924,Bioorg Med Chem Lett,2001,"{'bei': '11.75', 'le': '0.21', 'lle': '0.49', 'sei': '6.53'}",,CHEMBL421119,,CHEMBL421119,4.67,0,http://www.openphacts.org/units/Nanomolar,128010,=,1,1,=,,IC50,nM,,21400.0,CHEMBL1857,Escherichia coli K-12,Enoyl-[acyl-carrier-protein] reductase [NADH] FabI,83333,,,IC50,uM,UO_0000065,,21.4
,,953493,[],CHEMBL677572,Antibacterial activity against Escherichia coli FabI,B,,,BAO_0000190,BAO_0000357,single protein format,O=C(c1ccc(O)cc1)N1CCc2c(n(Cc3ccc(O)cc3)c3ccccc23)C1,,,CHEMBL1133924,Bioorg Med Chem Lett,2001,"{'bei': '13.49', 'le': '0.24', 'lle': '1.08', 'sei': '8.18'}",,CHEMBL72232,,CHEMBL72232,5.38,0,http://www.openphacts.org/units/Nanomolar,128015,=,1,1,=,,IC50,nM,,4200.0,CHEMBL1857,Escherichia coli K-12,Enoyl-[acyl-carrier-protein] reductase [NADH] FabI,83333,,,IC50,uM,UO_0000065,,4.2
,,953498,[],CHEMBL677572,Antibacterial activity against Escherichia coli FabI,B,,,BAO_0000190,BAO_0000357,single protein format,Cc1cc(C(=O)N2CCc3c(n(Cc4ccc(O)cc4)c4ccccc34)C2)ccc1O,,,CHEMBL1133924,Bioorg Med Chem Lett,2001,"{'bei': '12.99', 'le': '0.24', 'lle': '0.75', 'sei': '8.15'}",,CHEMBL73953,,CHEMBL73953,5.36,0,http://www.openphacts.org/units/Nanomolar,128030,=,1,1,=,,IC50,nM,,4400.0,CHEMBL1857,Escherichia coli K-12,Enoyl-[acyl-carrier-protein] reductase [NADH] FabI,83333,,,IC50,uM,UO_0000065,,4.4
,,956255,[],CHEMBL677572,Antibacterial activity against Escherichia coli FabI,B,,,BAO_0000190,BAO_0000357,single protein format,Oc1cc(Cl)ccc1Oc1ccc(Cl)cc1Cl,,,CHEMBL1133924,Bioorg Med Chem Lett,2001,"{'bei': '21.99', 'le': '0.51', 'lle': '1.23', 'sei': '21.61'}",,CHEMBL849,TRICLOSAN,CHEMBL849,6.37,1,http://www.openphacts.org/units/Nanomolar,128025,=,1,1,=,,IC50,nM,,430.0,CHEMBL1857,Escherichia coli K-12,Enoyl-[acyl-carrier-protein] reductase [NADH] FabI,83333,,,IC50,uM,UO_0000065,,0.43
,,957490,[],CHEMBL677572,Antibacterial activity against Escherichia coli FabI,B,,,BAO_0000190,BAO_0000357,single protein format,O=C(O)c1ccc(Cn2c3c(c4ccccc42)CCN(C(=O)c2ccc(O)cc2)C3)cc1,,,CHEMBL1133924,Bioorg Med Chem Lett,2001,,,CHEMBL72164,,CHEMBL72164,,0,http://www.openphacts.org/units/Nanomolar,128036,>,1,1,>,,IC50,nM,,50000.0,CHEMBL1857,Escherichia coli K-12,Enoyl-[acyl-carrier-protein] reductase [NADH] FabI,83333,,,IC50,uM,UO_0000065,,50.0
,,958806,[],CHEMBL677572,Antibacterial activity against Escherichia coli FabI,B,,,BAO_0000190,BAO_0000357,single protein format,COC(=O)c1ccc(C(=O)N2CCc3c(n(Cc4ccc(O)cc4)c4ccccc34)C2)cc1,,,CHEMBL1133924,Bioorg Med Chem Lett,2001,,,CHEMBL304771,,CHEMBL304771,,0,http://www.openphacts.org/units/Nanomolar,128020,>,1,1,>,,IC50,nM,,50000.0,CHEMBL1857,Escherichia coli K-12,Enoyl-[acyl-carrier-protein] reductase [NADH] FabI,83333,,,IC50,uM,UO_0000065,,50.0
,,959936,[],CHEMBL677572,Antibacterial activity against Escherichia coli FabI,B,,,BAO_0000190,BAO_0000357,single protein format,Cc1ccc(C(=O)N2CCc3c(n(Cc4ccc(O)cc4)c4ccccc34)C2)c(O)c1,,,CHEMBL1133924,Bioorg Med Chem Lett,2001,"{'bei': '12.33', 'le': '0.22', 'lle': '0.48', 'sei': '7.74'}",,CHEMBL72900,,CHEMBL72900,5.09,0,http://www.openphacts.org/units/Nanomolar,128013,=,1,1,=,,IC50,nM,,8200.0,CHEMBL1857,Escherichia coli K-12,Enoyl-[acyl-carrier-protein] reductase [NADH] FabI,83333,,,IC50,uM,UO_0000065,,8.2
,,963693,[],CHEMBL677572,Antibacterial activity against Escherichia coli FabI,B,,,BAO_0000190,BAO_0000357,single protein format,O=C(c1cc(Cl)cc(Cl)c1O)N1CCc2c(n(Cc3ccc(O)cc3)c3ccccc23)C1,,,CHEMBL1133924,Bioorg Med Chem Lett,2001,"{'bei': '10.71', 'le': '0.21', 'lle': '-0.61', 'sei': '7.62'}",,CHEMBL308525,,CHEMBL308525,5.00,0,http://www.openphacts.org/units/Nanomolar,128028,=,1,1,=,,IC50,nM,,9900.0,CHEMBL1857,Escherichia coli K-12,Enoyl-[acyl-carrier-protein] reductase [NADH] FabI,83333,,,IC50,uM,UO_0000065,,9.9
,,965003,[],CHEMBL678213,Antibacterial activity against Staphylococcus aureus Enoyl-[acyl-carrier-protein] reductase was determined,B,,,BAO_0000190,BAO_0000357,single protein format,O=C(c1ccc(O)cc1)N1CCc2c(n(Cc3cccc(O)c3)c3ccccc23)C1,,,CHEMBL1133924,Bioorg Med Chem Lett,2001,"{'bei': '16.00', 'le': '0.29', 'lle': '2.08', 'sei': '9.71'}",,CHEMBL71861,,CHEMBL71861,6.38,0,http://www.openphacts.org/units/Nanomolar,128039,=,1,1,=,,IC50,nM,,420.0,CHEMBL1857,Escherichia coli K-12,Enoyl-[acyl-carrier-protein] reductase [NADH] FabI,83333,,,IC50,uM,UO_0000065,,0.42
,,965004,[],CHEMBL678212,Antibacterial activity against Escherichia coli Enoyl-[acyl-carrier-protein] reductase was determined,B,,,BAO_0000190,BAO_0000357,single protein format,O=C(c1ccc(O)cc1)N1CCc2c(n(Cc3cccc(O)c3)c3ccccc23)C1,,,CHEMBL1133924,Bioorg Med Chem Lett,2001,"{'bei': '12.69', 'le': '0.23', 'lle': '0.76', 'sei': '7.69'}",,CHEMBL71861,,CHEMBL71861,5.06,0,http://www.openphacts.org/units/Nanomolar,128039,=,1,1,=,,IC50,nM,,8800.0,CHEMBL1857,Escherichia coli K-12,Enoyl-[acyl-carrier-protein] reductase [NADH] FabI,83333,,,IC50,uM,UO_0000065,,8.8
,,965122,[],CHEMBL677572,Antibacterial activity against Escherichia coli FabI,B,,,BAO_0000190,BAO_0000357,single protein format,O=C(c1ccc(O)c(Cl)c1)N1CCc2c(n(Cc3ccc(O)cc3)c3ccccc23)C1,,,CHEMBL1133924,Bioorg Med Chem Lett,2001,"{'bei': '12.63', 'le': '0.24', 'lle': '0.52', 'sei': '8.32'}",,CHEMBL73580,,CHEMBL73580,5.47,0,http://www.openphacts.org/units/Nanomolar,128029,=,1,1,=,,IC50,nM,,3400.0,CHEMBL1857,Escherichia coli K-12,Enoyl-[acyl-carrier-protein] reductase [NADH] FabI,83333,,,IC50,uM,UO_0000065,,3.4
,,965127,[],CHEMBL677572,Antibacterial activity against Escherichia coli FabI,B,,,BAO_0000190,BAO_0000357,single protein format,Cc1cc(O)c(C)c(O)c1C(=O)N1CCc2c(n(Cc3ccc(O)cc3)c3ccccc23)C1,,,CHEMBL1133924,Bioorg Med Chem Lett,2001,,,CHEMBL73421,,CHEMBL73421,,0,http://www.openphacts.org/units/Nanomolar,128026,>,1,1,>,,IC50,nM,,50000.0,CHEMBL1857,Escherichia coli K-12,Enoyl-[acyl-carrier-protein] reductase [NADH] FabI,83333,,,IC50,uM,UO_0000065,,50.0
,,969911,[],CHEMBL678213,Antibacterial activity against Staphylococcus aureus Enoyl-[acyl-carrier-protein] reductase was determined,B,,,BAO_0000190,BAO_0000357,single protein format,Cn1c2c(c3ccccc31)CCN(C(=O)c1ccc(O)cc1)C2,,,CHEMBL1133924,Bioorg Med Chem Lett,2001,"{'bei': '19.11', 'le': '0.35', 'lle': '2.77', 'sei': '12.87'}",,CHEMBL72122,,CHEMBL72122,5.85,0,http://www.openphacts.org/units/Nanomolar,128042,=,1,1,=,,IC50,nM,,1400.0,CHEMBL1857,Escherichia coli K-12,Enoyl-[acyl-carrier-protein] reductase [NADH] FabI,83333,,,IC50,uM,UO_0000065,,1.4
,,969912,[],CHEMBL678212,Antibacterial activity against Escherichia coli Enoyl-[acyl-carrier-protein] reductase was determined,B,,,BAO_0000190,BAO_0000357,single protein format,Cn1c2c(c3ccccc31)CCN(C(=O)c1ccc(O)cc1)C2,,,CHEMBL1133924,Bioorg Med Chem Lett,2001,"{'bei': '16.19', 'le': '0.29', 'lle': '1.88', 'sei': '10.91'}",,CHEMBL72122,,CHEMBL72122,4.96,0,http://www.openphacts.org/units/Nanomolar,128042,=,1,1,=,,IC50,nM,,11000.0,CHEMBL1857,Escherichia coli K-12,Enoyl-[acyl-carrier-protein] reductase [NADH] FabI,83333,,,IC50,uM,UO_0000065,,11.0
,,971450,[],CHEMBL677572,Antibacterial activity against Escherichia coli FabI,B,,,BAO_0000190,BAO_0000357,single protein format,O=C(c1ccc(O)cc1)N1CCc2c(n(Cc3ccc(F)cc3)c3ccccc23)C1,,,CHEMBL1133924,Bioorg Med Chem Lett,2001,"{'bei': '13.43', 'le': '0.24', 'lle': '0.65', 'sei': '11.82'}",,CHEMBL72770,,CHEMBL72770,5.38,0,http://www.openphacts.org/units/Nanomolar,128034,=,1,1,=,,IC50,nM,,4200.0,CHEMBL1857,Escherichia coli K-12,Enoyl-[acyl-carrier-protein] reductase [NADH] FabI,83333,,,IC50,uM,UO_0000065,,4.2
,,971452,[],CHEMBL677572,Antibacterial activity against Escherichia coli FabI,B,,,BAO_0000190,BAO_0000357,single protein format,O=C(c1ccc(Cl)cc1)N1CCc2c(n(Cc3ccc(O)cc3)c3ccccc23)C1,,,CHEMBL1133924,Bioorg Med Chem Lett,2001,"{'bei': '11.45', 'le': '0.22', 'lle': '-0.48', 'sei': '10.50'}",,CHEMBL307960,,CHEMBL307960,4.78,0,http://www.openphacts.org/units/Nanomolar,128012,=,1,1,=,,IC50,nM,,16800.0,CHEMBL1857,Escherichia coli K-12,Enoyl-[acyl-carrier-protein] reductase [NADH] FabI,83333,,,IC50,uM,UO_0000065,,16.8
,,972592,[],CHEMBL678213,Antibacterial activity against Staphylococcus aureus Enoyl-[acyl-carrier-protein] reductase was determined,B,,,BAO_0000190,BAO_0000357,single protein format,COC(=O)Cn1c2c(c3ccccc31)CCN(C(=O)c1ccc(O)cc1)C2,,,CHEMBL1133924,Bioorg Med Chem Lett,2001,"{'bei': '13.75', 'le': '0.25', 'lle': '2.29', 'sei': '6.98'}",,CHEMBL307383,,CHEMBL307383,5.01,0,http://www.openphacts.org/units/Nanomolar,128041,=,1,1,=,,IC50,nM,,9800.0,CHEMBL1857,Escherichia coli K-12,Enoyl-[acyl-carrier-protein] reductase [NADH] FabI,83333,,,IC50,uM,UO_0000065,,9.8
,,972593,[],CHEMBL678212,Antibacterial activity against Escherichia coli Enoyl-[acyl-carrier-protein] reductase was determined,B,,,BAO_0000190,BAO_0000357,single protein format,COC(=O)Cn1c2c(c3ccccc31)CCN(C(=O)c1ccc(O)cc1)C2,,,CHEMBL1133924,Bioorg Med Chem Lett,2001,"{'bei': '12.23', 'le': '0.23', 'lle': '1.74', 'sei': '6.21'}",,CHEMBL307383,,CHEMBL307383,4.46,0,http://www.openphacts.org/units/Nanomolar,128041,=,1,1,=,,IC50,nM,,34900.0,CHEMBL1857,Escherichia coli K-12,Enoyl-[acyl-carrier-protein] reductase [NADH] FabI,83333,,,IC50,uM,UO_0000065,,34.9
,,972668,[],CHEMBL677572,Antibacterial activity against Escherichia coli FabI,B,,,BAO_0000190,BAO_0000357,single protein format,O=C(c1cccc(O)c1)N1CCc2c(n(Cc3ccc(O)cc3)c3ccccc23)C1,,,CHEMBL1133924,Bioorg Med Chem Lett,2001,,,CHEMBL307563,,CHEMBL307563,,0,http://www.openphacts.org/units/Nanomolar,128016,>,1,1,>,,IC50,nM,,50000.0,CHEMBL1857,Escherichia coli K-12,Enoyl-[acyl-carrier-protein] reductase [NADH] FabI,83333,,,IC50,uM,UO_0000065,,50.0
,,975136,[],CHEMBL677572,Antibacterial activity against Escherichia coli FabI,B,,,BAO_0000190,BAO_0000357,single protein format,Cc1ccc(C(=O)N2CCc3c(n(Cc4ccc(O)cc4)c4ccccc34)C2)cc1,,,CHEMBL1133924,Bioorg Med Chem Lett,2001,"{'bei': '13.33', 'le': '0.24', 'lle': '0.38', 'sei': '11.62'}",,CHEMBL70618,,CHEMBL70618,5.28,0,http://www.openphacts.org/units/Nanomolar,128011,=,1,1,=,,IC50,nM,,5200.0,CHEMBL1857,Escherichia coli K-12,Enoyl-[acyl-carrier-protein] reductase [NADH] FabI,83333,,,IC50,uM,UO_0000065,,5.2
,,981319,[],CHEMBL677572,Antibacterial activity against Escherichia coli FabI,B,,,BAO_0000190,BAO_0000357,single protein format,COc1ccc(C(=O)N2CCc3c(n(Cc4ccc(O)cc4)c4ccccc34)C2)cc1,,,CHEMBL1133924,Bioorg Med Chem Lett,2001,"{'bei': '10.79', 'le': '0.20', 'lle': '-0.15', 'sei': '8.13'}",,CHEMBL302497,,CHEMBL302497,4.45,0,http://www.openphacts.org/units/Nanomolar,128014,=,1,1,=,,IC50,nM,,35500.0,CHEMBL1857,Escherichia coli K-12,Enoyl-[acyl-carrier-protein] reductase [NADH] FabI,83333,,,IC50,uM,UO_0000065,,35.5
,,981321,[],CHEMBL677572,Antibacterial activity against Escherichia coli FabI,B,,,BAO_0000190,BAO_0000357,single protein format,O=C(c1ccc(Cl)cc1O)N1CCc2c(n(Cc3ccc(O)cc3)c3ccccc23)C1,,,CHEMBL1133924,Bioorg Med Chem Lett,2001,"{'bei': '12.05', 'le': '0.23', 'lle': '0.26', 'sei': '7.94'}",,CHEMBL309025,,CHEMBL309025,5.21,0,http://www.openphacts.org/units/Nanomolar,128031,=,1,1,=,,IC50,nM,,6100.0,CHEMBL1857,Escherichia coli K-12,Enoyl-[acyl-carrier-protein] reductase [NADH] FabI,83333,,,IC50,uM,UO_0000065,,6.1
,,981326,[],CHEMBL677572,Antibacterial activity against Escherichia coli FabI,B,,,BAO_0000190,BAO_0000357,single protein format,Cc1cc(C(=O)N2CCc3c(n(Cc4ccc(O)cc4)c4ccccc34)C2)cc(C)c1O,,,CHEMBL1133924,Bioorg Med Chem Lett,2001,"{'bei': '10.87', 'le': '0.20', 'lle': '-0.28', 'sei': '7.06'}",,CHEMBL73455,,CHEMBL73455,4.64,0,http://www.openphacts.org/units/Nanomolar,128027,=,1,1,=,,IC50,nM,,23000.0,CHEMBL1857,Escherichia coli K-12,Enoyl-[acyl-carrier-protein] reductase [NADH] FabI,83333,,,IC50,uM,UO_0000065,,23.0
,,982626,[],CHEMBL678213,Antibacterial activity against Staphylococcus aureus Enoyl-[acyl-carrier-protein] reductase was determined,B,,,BAO_0000190,BAO_0000357,single protein format,COC(=O)CCCCn1c2c(c3ccccc31)CCN(C(=O)c1ccc(O)cc1)C2,,,CHEMBL1133924,Bioorg Med Chem Lett,2001,"{'bei': '13.13', 'le': '0.24', 'lle': '1.45', 'sei': '7.44'}",,CHEMBL70368,,CHEMBL70368,5.34,0,http://www.openphacts.org/units/Nanomolar,128038,=,1,1,=,,IC50,nM,,4600.0,CHEMBL1857,Escherichia coli K-12,Enoyl-[acyl-carrier-protein] reductase [NADH] FabI,83333,,,IC50,uM,UO_0000065,,4.6
,,982627,[],CHEMBL678212,Antibacterial activity against Escherichia coli Enoyl-[acyl-carrier-protein] reductase was determined,B,,,BAO_0000190,BAO_0000357,single protein format,COC(=O)CCCCn1c2c(c3ccccc31)CCN(C(=O)c1ccc(O)cc1)C2,,,CHEMBL1133924,Bioorg Med Chem Lett,2001,"{'bei': '11.25', 'le': '0.21', 'lle': '0.68', 'sei': '6.37'}",,CHEMBL70368,,CHEMBL70368,4.57,0,http://www.openphacts.org/units/Nanomolar,128038,=,1,1,=,,IC50,nM,,26800.0,CHEMBL1857,Escherichia coli K-12,Enoyl-[acyl-carrier-protein] reductase [NADH] FabI,83333,,,IC50,uM,UO_0000065,,26.8
,,983870,[],CHEMBL677572,Antibacterial activity against Escherichia coli FabI,B,,,BAO_0000190,BAO_0000357,single protein format,CNc1ccc(C(=O)N2CCc3c(n(Cc4ccc(O)cc4)c4ccccc34)C2)cc1,,,CHEMBL1133924,Bioorg Med Chem Lett,2001,"{'bei': '10.72', 'le': '0.19', 'lle': '-0.23', 'sei': '7.68'}",,CHEMBL70830,,CHEMBL70830,4.41,0,http://www.openphacts.org/units/Nanomolar,128018,=,1,1,=,,IC50,nM,,38600.0,CHEMBL1857,Escherichia coli K-12,Enoyl-[acyl-carrier-protein] reductase [NADH] FabI,83333,,,IC50,uM,UO_0000065,,38.6
,,985080,[],CHEMBL677572,Antibacterial activity against Escherichia coli FabI,B,,,BAO_0000190,BAO_0000357,single protein format,CS(=O)(=O)c1ccc(Cn2c3c(c4ccccc42)CCN(C(=O)c2ccc(O)cc2)C3)cc1,,,CHEMBL1133924,Bioorg Med Chem Lett,2001,"{'bei': '11.61', 'le': '0.22', 'lle': '1.35', 'sei': '6.72'}",,CHEMBL308352,,CHEMBL308352,5.35,0,http://www.openphacts.org/units/Nanomolar,128035,=,1,1,=,,IC50,nM,,4500.0,CHEMBL1857,Escherichia coli K-12,Enoyl-[acyl-carrier-protein] reductase [NADH] FabI,83333,,,IC50,uM,UO_0000065,,4.5
,,986398,[],CHEMBL677572,Antibacterial activity against Escherichia coli FabI,B,,,BAO_0000190,BAO_0000357,single protein format,O=C(c1ccccc1)N1CCc2c(n(Cc3ccc(O)cc3)c3ccccc23)C1,,,CHEMBL1133924,Bioorg Med Chem Lett,2001,"{'bei': '14.56', 'le': '0.26', 'lle': '0.98', 'sei': '12.25'}",,CHEMBL70636,,CHEMBL70636,5.57,0,http://www.openphacts.org/units/Nanomolar,128033,=,1,1,=,,IC50,nM,,2700.0,CHEMBL1857,Escherichia coli K-12,Enoyl-[acyl-carrier-protein] reductase [NADH] FabI,83333,,,IC50,uM,UO_0000065,,2.7
,,986400,[],CHEMBL677572,Antibacterial activity against Escherichia coli FabI,B,,,BAO_0000190,BAO_0000357,single protein format,CCCCc1ccc(C(=O)N2CCc3c(n(Cc4ccc(O)cc4)c4ccccc34)C2)cc1,,,CHEMBL1133924,Bioorg Med Chem Lett,2001,,,CHEMBL72947,,CHEMBL72947,,0,http://www.openphacts.org/units/Nanomolar,128032,>,1,1,>,,IC50,nM,,50000.0,CHEMBL1857,Escherichia coli K-12,Enoyl-[acyl-carrier-protein] reductase [NADH] FabI,83333,,,IC50,uM,UO_0000065,,50.0
,,1036596,[],CHEMBL677580,Inhibition of Enoyl-ACP reductase from Streptococcus pneumoniae,B,,,BAO_0000190,BAO_0000357,single protein format,COC(=O)C[C@H]1Nc2ccc(C(=O)N(C)Cc3cc4ccccc4n3C)cc2CN(C)C1=O,,,CHEMBL1135515,J Med Chem,2002,,,CHEMBL322294,,CHEMBL322294,,0,http://www.openphacts.org/units/Nanomolar,208104,>,1,1,>,,IC50,nM,,30000.0,CHEMBL1857,Escherichia coli K-12,Enoyl-[acyl-carrier-protein] reductase [NADH] FabI,83333,,,IC50,uM,UO_0000065,,30.0
,,1036603,[],CHEMBL677580,Inhibition of Enoyl-ACP reductase from Streptococcus pneumoniae,B,,,BAO_0000190,BAO_0000357,single protein format,CN(Cc1cc2ccccc2n1C)C(=O)c1ccc(N)cc1,,,CHEMBL1135515,J Med Chem,2002,,,CHEMBL435896,,CHEMBL435896,,0,http://www.openphacts.org/units/Nanomolar,208101,>,1,1,>,,IC50,nM,,30000.0,CHEMBL1857,Escherichia coli K-12,Enoyl-[acyl-carrier-protein] reductase [NADH] FabI,83333,,,IC50,uM,UO_0000065,,30.0
,,1037748,[],CHEMBL677580,Inhibition of Enoyl-ACP reductase from Streptococcus pneumoniae,B,,,BAO_0000190,BAO_0000357,single protein format,CN(Cc1cc2ccccc2n1C)C(=O)/C=C/c1cccnc1,,,CHEMBL1135515,J Med Chem,2002,,,CHEMBL111251,,CHEMBL111251,,0,http://www.openphacts.org/units/Nanomolar,208096,>,1,1,>,,IC50,nM,,30000.0,CHEMBL1857,Escherichia coli K-12,Enoyl-[acyl-carrier-protein] reductase [NADH] FabI,83333,,,IC50,uM,UO_0000065,,30.0
,,1040018,[],CHEMBL677580,Inhibition of Enoyl-ACP reductase from Streptococcus pneumoniae,B,,,BAO_0000190,BAO_0000357,single protein format,CN1Cc2cc(C(=O)N(C)Cc3cc4ccccc4n3C)ccc2NCC1=O,,,CHEMBL1135515,J Med Chem,2002,,,CHEMBL109511,,CHEMBL109511,,0,http://www.openphacts.org/units/Nanomolar,208105,>,1,1,>,,IC50,nM,,30000.0,CHEMBL1857,Escherichia coli K-12,Enoyl-[acyl-carrier-protein] reductase [NADH] FabI,83333,,,IC50,uM,UO_0000065,,30.0
,,1040025,[],CHEMBL677580,Inhibition of Enoyl-ACP reductase from Streptococcus pneumoniae,B,,,BAO_0000190,BAO_0000357,single protein format,CC(=O)N(C)Cc1cc(C(=O)N(C)Cc2cc3ccccc3n2C)ccc1N,,,CHEMBL1135515,J Med Chem,2002,,,CHEMBL109420,,CHEMBL109420,,0,http://www.openphacts.org/units/Nanomolar,208102,>,1,1,>,,IC50,nM,,30000.0,CHEMBL1857,Escherichia coli K-12,Enoyl-[acyl-carrier-protein] reductase [NADH] FabI,83333,,,IC50,uM,UO_0000065,,30.0
,,1041281,[],CHEMBL677580,Inhibition of Enoyl-ACP reductase from Streptococcus pneumoniae,B,,,BAO_0000190,BAO_0000357,single protein format,CN(Cc1cc2ccccc2n1C)C(=O)/C=C/c1cnc(N)nc1,,,CHEMBL1135515,J Med Chem,2002,,,CHEMBL111031,,CHEMBL111031,,0,http://www.openphacts.org/units/Nanomolar,208099,>,1,1,>,,IC50,nM,,30000.0,CHEMBL1857,Escherichia coli K-12,Enoyl-[acyl-carrier-protein] reductase [NADH] FabI,83333,,,IC50,uM,UO_0000065,,30.0
,,1043642,[],CHEMBL677580,Inhibition of Enoyl-ACP reductase from Streptococcus pneumoniae,B,,,BAO_0000190,BAO_0000357,single protein format,CN(Cc1cc2ccccc2n1C)C(=O)/C=C/c1ccc(N)nc1,,,CHEMBL1135515,J Med Chem,2002,,,CHEMBL297053,,CHEMBL297053,,0,http://www.openphacts.org/units/Nanomolar,208100,>,1,1,>,,IC50,nM,,30000.0,CHEMBL1857,Escherichia coli K-12,Enoyl-[acyl-carrier-protein] reductase [NADH] FabI,83333,,,IC50,uM,UO_0000065,,30.0
,,1046368,[],CHEMBL677580,Inhibition of Enoyl-ACP reductase from Streptococcus pneumoniae,B,,,BAO_0000190,BAO_0000357,single protein format,CN(Cc1cc2ccccc2n1C)C(=O)c1ccccc1,,,CHEMBL1135515,J Med Chem,2002,,,CHEMBL109805,,CHEMBL109805,,0,http://www.openphacts.org/units/Nanomolar,208094,>,1,1,>,,IC50,nM,,30000.0,CHEMBL1857,Escherichia coli K-12,Enoyl-[acyl-carrier-protein] reductase [NADH] FabI,83333,,,IC50,uM,UO_0000065,,30.0
,,1052354,[],CHEMBL677580,Inhibition of Enoyl-ACP reductase from Streptococcus pneumoniae,B,,,BAO_0000190,BAO_0000357,single protein format,CC(=O)N(C)Cc1cccc(C(=O)N(C)Cc2cc3ccccc3n2C)c1,,,CHEMBL1135515,J Med Chem,2002,,,CHEMBL111556,,CHEMBL111556,,0,http://www.openphacts.org/units/Nanomolar,208093,>,1,1,>,,IC50,nM,,30000.0,CHEMBL1857,Escherichia coli K-12,Enoyl-[acyl-carrier-protein] reductase [NADH] FabI,83333,,,IC50,uM,UO_0000065,,30.0
,,1054804,[],CHEMBL677580,Inhibition of Enoyl-ACP reductase from Streptococcus pneumoniae,B,,,BAO_0000190,BAO_0000357,single protein format,CN(Cc1cc2ccccc2n1C)C(=O)c1ccc2c(c1)CN(C)C(=O)[C@H](C(=O)O)N2,,,CHEMBL1135515,J Med Chem,2002,,,CHEMBL1183966,,CHEMBL1183966,,0,http://www.openphacts.org/units/Nanomolar,208106,>,1,1,>,,IC50,nM,,30000.0,CHEMBL1857,Escherichia coli K-12,Enoyl-[acyl-carrier-protein] reductase [NADH] FabI,83333,,,IC50,uM,UO_0000065,,30.0
,,1062540,[],CHEMBL677580,Inhibition of Enoyl-ACP reductase from Streptococcus pneumoniae,B,,,BAO_0000190,BAO_0000357,single protein format,CN(Cc1cc2ccccc2n1C)C(=O)c1ccc(N)nc1,,,CHEMBL1135515,J Med Chem,2002,,,CHEMBL320570,,CHEMBL320570,,0,http://www.openphacts.org/units/Nanomolar,208097,>,1,1,>,,IC50,nM,,30000.0,CHEMBL1857,Escherichia coli K-12,Enoyl-[acyl-carrier-protein] reductase [NADH] FabI,83333,,,IC50,uM,UO_0000065,,30.0
,,1063725,[],CHEMBL677580,Inhibition of Enoyl-ACP reductase from Streptococcus pneumoniae,B,,,BAO_0000190,BAO_0000357,single protein format,COC(=O)CC1Nc2ccc(C(=O)N(C)Cc3cc4ccccc4n3C)cc2CN(C)C1=O,,,CHEMBL1135515,J Med Chem,2002,,,CHEMBL110480,,CHEMBL110480,,0,http://www.openphacts.org/units/Nanomolar,208103,>,1,1,>,,IC50,nM,,30000.0,CHEMBL1857,Escherichia coli K-12,Enoyl-[acyl-carrier-protein] reductase [NADH] FabI,83333,,,IC50,uM,UO_0000065,,30.0
,,1063733,[],CHEMBL677580,Inhibition of Enoyl-ACP reductase from Streptococcus pneumoniae,B,,,BAO_0000190,BAO_0000357,single protein format,CN(Cc1cc2ccccc2n1C)C(=O)CCc1ccc(N)nc1,,,CHEMBL1135515,J Med Chem,2002,,,CHEMBL109484,,CHEMBL109484,,0,http://www.openphacts.org/units/Nanomolar,208098,>,1,1,>,,IC50,nM,,30000.0,CHEMBL1857,Escherichia coli K-12,Enoyl-[acyl-carrier-protein] reductase [NADH] FabI,83333,,,IC50,uM,UO_0000065,,30.0
,,1227429,[],CHEMBL679218,Evaluated for inhibition of enoyl acyl carrier protein reductase (FabI) in Escherichia coli.,B,,,BAO_0000190,BAO_0000357,single protein format,Cc1cccc(Cn2cnc(-c3ccsc3)c2)c1,,,CHEMBL1133895,Bioorg Med Chem Lett,2001,"{'bei': '19.32', 'le': '0.37', 'lle': '0.94', 'sei': '27.57'}",,CHEMBL65873,,CHEMBL65873,4.91,0,http://www.openphacts.org/units/Nanomolar,111113,=,1,1,=,,IC50,nM,,12200.0,CHEMBL1857,Escherichia coli K-12,Enoyl-[acyl-carrier-protein] reductase [NADH] FabI,83333,,,IC50,uM,UO_0000065,,12.2
,,1227433,[],CHEMBL679218,Evaluated for inhibition of enoyl acyl carrier protein reductase (FabI) in Escherichia coli.,B,,,BAO_0000190,BAO_0000357,single protein format,c1ccc(-c2ccc(Cn3cnc(-c4ccsc4)c3)cc2)cc1,,,CHEMBL1133895,Bioorg Med Chem Lett,2001,"{'bei': '18.73', 'le': '0.35', 'lle': '0.60', 'sei': '33.27'}",,CHEMBL294363,,CHEMBL294363,5.93,0,http://www.openphacts.org/units/Nanomolar,111111,=,1,1,=,,IC50,nM,,1180.0,CHEMBL1857,Escherichia coli K-12,Enoyl-[acyl-carrier-protein] reductase [NADH] FabI,83333,,,IC50,uM,UO_0000065,,1.18
,,1228578,[],CHEMBL679218,Evaluated for inhibition of enoyl acyl carrier protein reductase (FabI) in Escherichia coli.,B,,,BAO_0000190,BAO_0000357,single protein format,c1ccc(C[C@@H]2COC(c3ccsc3)=N2)cc1,,,CHEMBL1133895,Bioorg Med Chem Lett,2001,,,CHEMBL304450,,CHEMBL304450,,0,http://www.openphacts.org/units/Nanomolar,111123,>,1,1,>,,IC50,nM,,100000.0,CHEMBL1857,Escherichia coli K-12,Enoyl-[acyl-carrier-protein] reductase [NADH] FabI,83333,,,IC50,uM,UO_0000065,,100.0
,,1229911,[],CHEMBL679218,Evaluated for inhibition of enoyl acyl carrier protein reductase (FabI) in Escherichia coli.,B,,,BAO_0000190,BAO_0000357,single protein format,Cc1ccc(Cc2coc(-c3ccsc3)n2)cc1,,,CHEMBL1133895,Bioorg Med Chem Lett,2001,,,CHEMBL304029,,CHEMBL304029,,0,http://www.openphacts.org/units/Nanomolar,111117,>,1,1,>,,IC50,nM,,100000.0,CHEMBL1857,Escherichia coli K-12,Enoyl-[acyl-carrier-protein] reductase [NADH] FabI,83333,,,IC50,uM,UO_0000065,,100.0
,,1232181,[],CHEMBL679218,Evaluated for inhibition of enoyl acyl carrier protein reductase (FabI) in Escherichia coli.,B,,,BAO_0000190,BAO_0000357,single protein format,O=C(O)c1cccc(Cn2cnc(-c3ccsc3)c2)c1,,,CHEMBL1133895,Bioorg Med Chem Lett,2001,,,CHEMBL435958,,CHEMBL435958,,0,http://www.openphacts.org/units/Nanomolar,111103,>,1,1,>,,IC50,nM,,100000.0,CHEMBL1857,Escherichia coli K-12,Enoyl-[acyl-carrier-protein] reductase [NADH] FabI,83333,,,IC50,uM,UO_0000065,,100.0
,,1233394,[],CHEMBL679218,Evaluated for inhibition of enoyl acyl carrier protein reductase (FabI) in Escherichia coli.,B,,,BAO_0000190,BAO_0000357,single protein format,Cc1ccc(Cn2cnc(-c3ccsc3)c2)cc1,,,CHEMBL1133895,Bioorg Med Chem Lett,2001,"{'bei': '20.41', 'le': '0.39', 'lle': '1.22', 'sei': '29.13'}",,CHEMBL64645,,CHEMBL64645,5.19,0,http://www.openphacts.org/units/Nanomolar,111118,=,1,1,=,,IC50,nM,,6440.0,CHEMBL1857,Escherichia coli K-12,Enoyl-[acyl-carrier-protein] reductase [NADH] FabI,83333,,,IC50,uM,UO_0000065,,6.44
,,1234830,[],CHEMBL679218,Evaluated for inhibition of enoyl acyl carrier protein reductase (FabI) in Escherichia coli.,B,,,BAO_0000190,BAO_0000357,single protein format,Oc1cc(Cl)ccc1Oc1ccc(Cl)cc1Cl,,,CHEMBL1133895,Bioorg Med Chem Lett,2001,"{'bei': '21.99', 'le': '0.51', 'lle': '1.23', 'sei': '21.61'}",,CHEMBL849,TRICLOSAN,CHEMBL849,6.37,0,http://www.openphacts.org/units/Nanomolar,111114,=,1,1,=,,IC50,nM,,430.0,CHEMBL1857,Escherichia coli K-12,Enoyl-[acyl-carrier-protein] reductase [NADH] FabI,83333,,,IC50,uM,UO_0000065,,0.43
,,1237470,[],CHEMBL679218,Evaluated for inhibition of enoyl acyl carrier protein reductase (FabI) in Escherichia coli.,B,,,BAO_0000190,BAO_0000357,single protein format,Cc1ccccc1Cn1cnc(-c2ccsc2)c1,,,CHEMBL1133895,Bioorg Med Chem Lett,2001,"{'bei': '16.45', 'le': '0.32', 'lle': '0.21', 'sei': '23.48'}",,CHEMBL431763,,CHEMBL431763,4.18,0,http://www.openphacts.org/units/Nanomolar,111112,=,1,1,=,,IC50,nM,,65400.0,CHEMBL1857,Escherichia coli K-12,Enoyl-[acyl-carrier-protein] reductase [NADH] FabI,83333,,,IC50,uM,UO_0000065,,65.4
,,1243985,[],CHEMBL679218,Evaluated for inhibition of enoyl acyl carrier protein reductase (FabI) in Escherichia coli.,B,,,BAO_0000190,BAO_0000357,single protein format,Nc1ccc(Cn2cnc(-c3ccsc3)c2)cc1,,,CHEMBL1133895,Bioorg Med Chem Lett,2001,"{'bei': '20.71', 'le': '0.40', 'lle': '2.05', 'sei': '12.06'}",,CHEMBL62542,,CHEMBL62542,5.29,0,http://www.openphacts.org/units/Nanomolar,111122,=,1,1,=,,IC50,nM,,5140.0,CHEMBL1857,Escherichia coli K-12,Enoyl-[acyl-carrier-protein] reductase [NADH] FabI,83333,,,IC50,uM,UO_0000065,,5.14
,,1243989,[],CHEMBL679218,Evaluated for inhibition of enoyl acyl carrier protein reductase (FabI) in Escherichia coli.,B,,,BAO_0000190,BAO_0000357,single protein format,COc1ccc(Cn2cnc(-c3ccsc3)c2)cc1,,,CHEMBL1133895,Bioorg Med Chem Lett,2001,"{'bei': '18.59', 'le': '0.36', 'lle': '1.36', 'sei': '18.58'}",,CHEMBL65913,,CHEMBL65913,5.03,0,http://www.openphacts.org/units/Nanomolar,111119,=,1,1,=,,IC50,nM,,9400.0,CHEMBL1857,Escherichia coli K-12,Enoyl-[acyl-carrier-protein] reductase [NADH] FabI,83333,,,IC50,uM,UO_0000065,,9.4
,,1249312,[],CHEMBL679218,Evaluated for inhibition of enoyl acyl carrier protein reductase (FabI) in Escherichia coli.,B,,,BAO_0000190,BAO_0000357,single protein format,Cc1ccc(Cc2noc(-c3ccsc3)n2)cc1,,,CHEMBL1133895,Bioorg Med Chem Lett,2001,,,CHEMBL62515,,CHEMBL62515,,0,http://www.openphacts.org/units/Nanomolar,111116,>,1,1,>,,IC50,nM,,100000.0,CHEMBL1857,Escherichia coli K-12,Enoyl-[acyl-carrier-protein] reductase [NADH] FabI,83333,,,IC50,uM,UO_0000065,,100.0
,,1250520,[],CHEMBL679218,Evaluated for inhibition of enoyl acyl carrier protein reductase (FabI) in Escherichia coli.,B,,,BAO_0000190,BAO_0000357,single protein format,COc1ccc(-c2cn(Cc3ccccc3)cn2)cc1,,,CHEMBL1133895,Bioorg Med Chem Lett,2001,"{'bei': '19.97', 'le': '0.36', 'lle': '1.67', 'sei': '19.51'}",,CHEMBL304015,,CHEMBL304015,5.28,0,http://www.openphacts.org/units/Nanomolar,111110,=,1,1,=,,IC50,nM,,5280.0,CHEMBL1857,Escherichia coli K-12,Enoyl-[acyl-carrier-protein] reductase [NADH] FabI,83333,,,IC50,uM,UO_0000065,,5.28
,,1252763,[],CHEMBL679218,Evaluated for inhibition of enoyl acyl carrier protein reductase (FabI) in Escherichia coli.,B,,,BAO_0000190,BAO_0000357,single protein format,c1ccc(C[C@H]2COC(c3ccsc3)=N2)cc1,,,CHEMBL1133895,Bioorg Med Chem Lett,2001,,,CHEMBL63871,,CHEMBL63871,,0,http://www.openphacts.org/units/Nanomolar,111105,>,1,1,>,,IC50,nM,,100000.0,CHEMBL1857,Escherichia coli K-12,Enoyl-[acyl-carrier-protein] reductase [NADH] FabI,83333,,,IC50,uM,UO_0000065,,100.0
,,1258045,[],CHEMBL677569,Evaluated for inhibition of enoyl acyl carrier protein reductase (FabI) of Escherichia coli in the presence of NADH using crotonoyl CoA as substrate,B,,,BAO_0000190,BAO_0000019,assay format,Cc1ccc(Cn2cnc(-c3cccs3)c2)cc1,,,CHEMBL1133895,Bioorg Med Chem Lett,2001,"{'bei': '19.12', 'le': '0.37', 'lle': '0.89', 'sei': '27.29'}",,CHEMBL66526,,CHEMBL66526,4.86,0,http://www.openphacts.org/units/Nanomolar,111102,=,1,1,=,,IC50,nM,,13700.0,CHEMBL1857,Escherichia coli K-12,Enoyl-[acyl-carrier-protein] reductase [NADH] FabI,83333,,,IC50,uM,UO_0000065,,13.7
,,1258048,[],CHEMBL679218,Evaluated for inhibition of enoyl acyl carrier protein reductase (FabI) in Escherichia coli.,B,,,BAO_0000190,BAO_0000357,single protein format,O=[N+]([O-])c1cccc(Cn2cnc(-c3ccsc3)c2)c1,,,CHEMBL1133895,Bioorg Med Chem Lett,2001,"{'bei': '16.02', 'le': '0.31', 'lle': '1.00', 'sei': '7.50'}",,CHEMBL433836,,CHEMBL433836,4.57,0,http://www.openphacts.org/units/Nanomolar,111121,=,1,1,=,,IC50,nM,,26900.0,CHEMBL1857,Escherichia coli K-12,Enoyl-[acyl-carrier-protein] reductase [NADH] FabI,83333,,,IC50,uM,UO_0000065,,26.9
,,1261615,[],CHEMBL679218,Evaluated for inhibition of enoyl acyl carrier protein reductase (FabI) in Escherichia coli.,B,,,BAO_0000190,BAO_0000357,single protein format,COc1ccc(-c2c[nH]c(Cc3ccc(C)cc3)n2)cc1,,,CHEMBL1133895,Bioorg Med Chem Lett,2001,,,CHEMBL291805,,CHEMBL291805,,0,http://www.openphacts.org/units/Nanomolar,111106,>,1,1,>,,IC50,nM,,100000.0,CHEMBL1857,Escherichia coli K-12,Enoyl-[acyl-carrier-protein] reductase [NADH] FabI,83333,,,IC50,uM,UO_0000065,,100.0
,,1261617,[],CHEMBL679218,Evaluated for inhibition of enoyl acyl carrier protein reductase (FabI) in Escherichia coli.,B,,,BAO_0000190,BAO_0000357,single protein format,Cc1ccc(Cc2nc(-c3ccsc3)no2)cc1,,,CHEMBL1133895,Bioorg Med Chem Lett,2001,,,CHEMBL303748,,CHEMBL303748,,0,http://www.openphacts.org/units/Nanomolar,111115,>,1,1,>,,IC50,nM,,100000.0,CHEMBL1857,Escherichia coli K-12,Enoyl-[acyl-carrier-protein] reductase [NADH] FabI,83333,,,IC50,uM,UO_0000065,,100.0
,,1264099,[],CHEMBL679218,Evaluated for inhibition of enoyl acyl carrier protein reductase (FabI) in Escherichia coli.,B,,,BAO_0000190,BAO_0000357,single protein format,COc1ccc(-c2cn(Cc3ccc(C(F)(F)F)cc3)cn2)cc1,,,CHEMBL1133895,Bioorg Med Chem Lett,2001,"{'bei': '13.69', 'le': '0.26', 'lle': '-0.08', 'sei': '16.81'}",,CHEMBL302470,,CHEMBL302470,4.55,0,http://www.openphacts.org/units/Nanomolar,111109,=,1,1,=,,IC50,nM,,28300.0,CHEMBL1857,Escherichia coli K-12,Enoyl-[acyl-carrier-protein] reductase [NADH] FabI,83333,,,IC50,uM,UO_0000065,,28.3
,,1265312,[],CHEMBL679218,Evaluated for inhibition of enoyl acyl carrier protein reductase (FabI) in Escherichia coli.,B,,,BAO_0000190,BAO_0000357,single protein format,COc1ccc(-c2cn(Cc3ccc(C)cc3)cn2)cc1,,,CHEMBL1133895,Bioorg Med Chem Lett,2001,"{'bei': '19.42', 'le': '0.35', 'lle': '1.49', 'sei': '19.99'}",,CHEMBL65914,,CHEMBL65914,5.41,0,http://www.openphacts.org/units/Nanomolar,111120,=,1,1,=,,IC50,nM,,3920.0,CHEMBL1857,Escherichia coli K-12,Enoyl-[acyl-carrier-protein] reductase [NADH] FabI,83333,,,IC50,uM,UO_0000065,,3.92
,,1816186,[],CHEMBL910786,Inhibition of Escherichia coli ENR,B,,,BAO_0000190,BAO_0000357,single protein format,O=C(O[C@@H]1Cc2c(O)cc(O)cc2O[C@@H]1c1cc(O)c(O)c(O)c1)c1cc(O)c(O)c(O)c1,,,CHEMBL1141392,J Med Chem,2007,"{'bei': '10.52', 'le': '0.20', 'lle': '2.59', 'sei': '2.44'}",,CHEMBL297453,EPIGALOCATECHIN GALLATE,CHEMBL297453,4.82,0,http://www.openphacts.org/units/Nanomolar,624851,=,1,1,=,,IC50,nM,,15000.0,CHEMBL1857,Escherichia coli K-12,Enoyl-[acyl-carrier-protein] reductase [NADH] FabI,83333,,,IC50,uM,UO_0000065,,15.0
,,1816191,[],CHEMBL910786,Inhibition of Escherichia coli ENR,B,,,BAO_0000190,BAO_0000357,single protein format,O=C(/C=C/c1ccc(O)c(O)c1)c1ccc(O)cc1O,,,CHEMBL1141392,J Med Chem,2007,"{'bei': '16.61', 'le': '0.31', 'lle': '2.11', 'sei': '4.62'}",,CHEMBL128000,BUTEIN,CHEMBL128000,4.52,0,http://www.openphacts.org/units/Nanomolar,624855,=,1,1,=,,IC50,nM,,30000.0,CHEMBL1857,Escherichia coli K-12,Enoyl-[acyl-carrier-protein] reductase [NADH] FabI,83333,,,IC50,uM,UO_0000065,,30.0
,,1816192,[],CHEMBL910786,Inhibition of Escherichia coli ENR,B,,,BAO_0000190,BAO_0000357,single protein format,O=c1c(O)c(-c2ccc(O)c(O)c2)oc2cc(O)cc(O)c12,,,CHEMBL1141392,J Med Chem,2007,"{'bei': '15.55', 'le': '0.29', 'lle': '2.71', 'sei': '3.58'}",,CHEMBL50,QUERCETIN,CHEMBL50,4.70,0,http://www.openphacts.org/units/Nanomolar,624854,=,1,1,=,,IC50,nM,,20000.0,CHEMBL1857,Escherichia coli K-12,Enoyl-[acyl-carrier-protein] reductase [NADH] FabI,83333,,,IC50,uM,UO_0000065,,20.0
,,1816193,[],CHEMBL910786,Inhibition of Escherichia coli ENR,B,,,BAO_0000190,BAO_0000357,single protein format,O=C(O[C@@H]1Cc2c(O)cc(O)cc2O[C@@H]1c1ccc(O)c(O)c1)c1cc(O)c(O)c(O)c1,,,CHEMBL1141392,J Med Chem,2007,"{'bei': '11.30', 'le': '0.21', 'lle': '2.47', 'sei': '2.82'}",,CHEMBL36327,EPICATECHIN GALLATE,CHEMBL36327,5.00,0,http://www.openphacts.org/units/Nanomolar,624852,=,1,1,=,,IC50,nM,,10000.0,CHEMBL1857,Escherichia coli K-12,Enoyl-[acyl-carrier-protein] reductase [NADH] FabI,83333,,,IC50,uM,UO_0000065,,10.0
,,1816195,[],CHEMBL910786,Inhibition of Escherichia coli ENR,B,,,BAO_0000190,BAO_0000357,single protein format,Oc1cc(O)c2c(c1)O[C@H](c1cc(O)c(O)c(O)c1)[C@H](O)C2,,,CHEMBL1141392,J Med Chem,2007,,,CHEMBL47386,EPIGALLOCATECHIN,CHEMBL47386,,0,http://www.openphacts.org/units/Nanomolar,624853,>,1,1,>,,IC50,nM,,100000.0,CHEMBL1857,Escherichia coli K-12,Enoyl-[acyl-carrier-protein] reductase [NADH] FabI,83333,,,IC50,uM,UO_0000065,,100.0
,,1990148,[],CHEMBL900393,Inhibition of Escherichia coli enoyl-ACP reductase FabI,B,,,BAO_0000190,BAO_0000357,single protein format,O=C(CO/N=C/c1cccc([N+](=O)[O-])c1)Nc1nc2ccccc2s1,,,CHEMBL1137543,Bioorg Med Chem,2007,,,CHEMBL237447,,CHEMBL237447,,0,http://www.openphacts.org/units/Nanomolar,663817,>,1,1,>,,IC50,nM,,32000.0,CHEMBL1857,Escherichia coli K-12,Enoyl-[acyl-carrier-protein] reductase [NADH] FabI,83333,,,IC50,uM,UO_0000065,,32.0
,,1990180,[],CHEMBL900393,Inhibition of Escherichia coli enoyl-ACP reductase FabI,B,,,BAO_0000190,BAO_0000357,single protein format,Oc1cc(Cl)ccc1Oc1ccc(Cl)cc1Cl,,,CHEMBL1137543,Bioorg Med Chem,2007,"{'bei': '20.88', 'le': '0.49', 'lle': '0.91', 'sei': '20.52'}",,CHEMBL849,TRICLOSAN,CHEMBL849,6.05,0,http://www.openphacts.org/units/Nanomolar,663843,=,1,1,=,,IC50,nM,,900.0,CHEMBL1857,Escherichia coli K-12,Enoyl-[acyl-carrier-protein] reductase [NADH] FabI,83333,,,IC50,uM,UO_0000065,,0.9
,,1990181,[],CHEMBL900393,Inhibition of Escherichia coli enoyl-ACP reductase FabI,B,,,BAO_0000190,BAO_0000357,single protein format,O=C(NCc1ncc(-c2ccc(Cl)c(Cl)c2)[nH]1)Nc1ncc(Sc2ccccn2)s1,,,CHEMBL1137543,Bioorg Med Chem,2007,,,CHEMBL392732,,CHEMBL392732,,0,http://www.openphacts.org/units/Nanomolar,663842,>,1,1,>,,IC50,nM,,32000.0,CHEMBL1857,Escherichia coli K-12,Enoyl-[acyl-carrier-protein] reductase [NADH] FabI,83333,,,IC50,uM,UO_0000065,,32.0
,,1990182,[],CHEMBL900393,Inhibition of Escherichia coli enoyl-ACP reductase FabI,B,,,BAO_0000190,BAO_0000357,single protein format,O=C(NCc1ncc(-c2cccc(Br)c2)[nH]1)Nc1ncc(Sc2ccccn2)s1,,,CHEMBL1137543,Bioorg Med Chem,2007,,,CHEMBL390894,,CHEMBL390894,,0,http://www.openphacts.org/units/Nanomolar,663841,>,1,1,>,,IC50,nM,,32000.0,CHEMBL1857,Escherichia coli K-12,Enoyl-[acyl-carrier-protein] reductase [NADH] FabI,83333,,,IC50,uM,UO_0000065,,32.0
,,1990183,[],CHEMBL900393,Inhibition of Escherichia coli enoyl-ACP reductase FabI,B,,,BAO_0000190,BAO_0000357,single protein format,O=C(NCc1ncc(-c2ccc(Br)cc2)[nH]1)Nc1ncc(Sc2ccccn2)s1,,,CHEMBL1137543,Bioorg Med Chem,2007,,,CHEMBL244805,,CHEMBL244805,,0,http://www.openphacts.org/units/Nanomolar,663840,>,1,1,>,,IC50,nM,,32000.0,CHEMBL1857,Escherichia coli K-12,Enoyl-[acyl-carrier-protein] reductase [NADH] FabI,83333,,,IC50,uM,UO_0000065,,32.0
,,1990184,[],CHEMBL900393,Inhibition of Escherichia coli enoyl-ACP reductase FabI,B,,,BAO_0000190,BAO_0000357,single protein format,O=C(NCc1nc(-c2ccccc2)c[nH]1)Nc1ncc(Sc2ccc(C(=O)O)cc2)s1,,,CHEMBL1137543,Bioorg Med Chem,2007,,,CHEMBL235273,,CHEMBL235273,,0,http://www.openphacts.org/units/Nanomolar,663839,>,1,1,>,,IC50,nM,,32000.0,CHEMBL1857,Escherichia coli K-12,Enoyl-[acyl-carrier-protein] reductase [NADH] FabI,83333,,,IC50,uM,UO_0000065,,32.0
,,1990185,[],CHEMBL900393,Inhibition of Escherichia coli enoyl-ACP reductase FabI,B,,,BAO_0000190,BAO_0000357,single protein format,NC(=O)c1ccc(Sc2cnc(NC(=O)NCc3nc(-c4ccccc4)c[nH]3)s2)cc1,,,CHEMBL1137543,Bioorg Med Chem,2007,,,CHEMBL235272,,CHEMBL235272,,0,http://www.openphacts.org/units/Nanomolar,663838,>,1,1,>,,IC50,nM,,32000.0,CHEMBL1857,Escherichia coli K-12,Enoyl-[acyl-carrier-protein] reductase [NADH] FabI,83333,,,IC50,uM,UO_0000065,,32.0
,,1990186,[],CHEMBL900393,Inhibition of Escherichia coli enoyl-ACP reductase FabI,B,,,BAO_0000190,BAO_0000357,single protein format,O=C(NCc1ncc(-c2ccccc2)[nH]1)Nc1ncc(Sc2ccccn2)s1,,,CHEMBL1137543,Bioorg Med Chem,2007,,,CHEMBL244804,,CHEMBL244804,,0,http://www.openphacts.org/units/Nanomolar,663837,>,1,1,>,,IC50,nM,,32000.0,CHEMBL1857,Escherichia coli K-12,Enoyl-[acyl-carrier-protein] reductase [NADH] FabI,83333,,,IC50,uM,UO_0000065,,32.0
,,1990187,[],CHEMBL900393,Inhibition of Escherichia coli enoyl-ACP reductase FabI,B,,,BAO_0000190,BAO_0000357,single protein format,O=C(NCc1nc(-c2ccccc2)c[nH]1)Nc1ncc(Sc2ccccc2)s1,,,CHEMBL1137543,Bioorg Med Chem,2007,,,CHEMBL237639,,CHEMBL237639,,0,http://www.openphacts.org/units/Nanomolar,663836,>,1,1,>,,IC50,nM,,33000.0,CHEMBL1857,Escherichia coli K-12,Enoyl-[acyl-carrier-protein] reductase [NADH] FabI,83333,,,IC50,uM,UO_0000065,,33.0
,,1990188,[],CHEMBL900393,Inhibition of Escherichia coli enoyl-ACP reductase FabI,B,,,BAO_0000190,BAO_0000357,single protein format,O=C(NCc1nc(-c2ccccc2)c[nH]1)Nc1nc(-c2ccccc2)cs1,,,CHEMBL1137543,Bioorg Med Chem,2007,,,CHEMBL393210,,CHEMBL393210,,0,http://www.openphacts.org/units/Nanomolar,663835,>,1,1,>,,IC50,nM,,32000.0,CHEMBL1857,Escherichia coli K-12,Enoyl-[acyl-carrier-protein] reductase [NADH] FabI,83333,,,IC50,uM,UO_0000065,,32.0
,,1990189,[],CHEMBL900393,Inhibition of Escherichia coli enoyl-ACP reductase FabI,B,,,BAO_0000190,BAO_0000357,single protein format,O=C(NCc1nc(-c2ccccc2)c[nH]1)Nc1ncc(-c2ccccc2)s1,,,CHEMBL1137543,Bioorg Med Chem,2007,,,CHEMBL237638,,CHEMBL237638,,0,http://www.openphacts.org/units/Nanomolar,663834,>,1,1,>,,IC50,nM,,32000.0,CHEMBL1857,Escherichia coli K-12,Enoyl-[acyl-carrier-protein] reductase [NADH] FabI,83333,,,IC50,uM,UO_0000065,,32.0
,,1990190,[],CHEMBL900393,Inhibition of Escherichia coli enoyl-ACP reductase FabI,B,,,BAO_0000190,BAO_0000357,single protein format,CS(=O)(=O)c1ccc2nc(NC(=O)NCCc3cnc[nH]3)sc2c1,,,CHEMBL1137543,Bioorg Med Chem,2007,,,CHEMBL237451,,CHEMBL237451,,0,http://www.openphacts.org/units/Nanomolar,663833,>,1,1,>,,IC50,nM,,32000.0,CHEMBL1857,Escherichia coli K-12,Enoyl-[acyl-carrier-protein] reductase [NADH] FabI,83333,,,IC50,uM,UO_0000065,,32.0
,,1990191,[],CHEMBL900393,Inhibition of Escherichia coli enoyl-ACP reductase FabI,B,,,BAO_0000190,BAO_0000357,single protein format,CS(=O)(=O)c1ccc2nc(NC(=O)NCc3nc(-c4ccccc4)c[nH]3)sc2c1,,,CHEMBL1137543,Bioorg Med Chem,2007,,,CHEMBL245045,,CHEMBL245045,,0,http://www.openphacts.org/units/Nanomolar,663832,>,1,1,>,,IC50,nM,,32000.0,CHEMBL1857,Escherichia coli K-12,Enoyl-[acyl-carrier-protein] reductase [NADH] FabI,83333,,,IC50,uM,UO_0000065,,32.0
,,1990192,[],CHEMBL900393,Inhibition of Escherichia coli enoyl-ACP reductase FabI,B,,,BAO_0000190,BAO_0000357,single protein format,CS(=O)(=O)c1ccc2nc(NC(=O)NCc3cccs3)sc2c1,,,CHEMBL1137543,Bioorg Med Chem,2007,,,CHEMBL393500,,CHEMBL393500,,0,http://www.openphacts.org/units/Nanomolar,663831,>,1,1,>,,IC50,nM,,32000.0,CHEMBL1857,Escherichia coli K-12,Enoyl-[acyl-carrier-protein] reductase [NADH] FabI,83333,,,IC50,uM,UO_0000065,,32.0
,,1990193,[],CHEMBL900393,Inhibition of Escherichia coli enoyl-ACP reductase FabI,B,,,BAO_0000190,BAO_0000357,single protein format,CS(=O)(=O)c1ccc2nc(NC(=O)NCc3cccnc3)sc2c1,,,CHEMBL1137543,Bioorg Med Chem,2007,,,CHEMBL237450,,CHEMBL237450,,0,http://www.openphacts.org/units/Nanomolar,663830,>,1,1,>,,IC50,nM,,32000.0,CHEMBL1857,Escherichia coli K-12,Enoyl-[acyl-carrier-protein] reductase [NADH] FabI,83333,,,IC50,uM,UO_0000065,,32.0
,,1990194,[],CHEMBL900393,Inhibition of Escherichia coli enoyl-ACP reductase FabI,B,,,BAO_0000190,BAO_0000357,single protein format,CS(=O)(=O)c1ccc2nc(NC(=O)NCc3ccc(-c4ccccn4)s3)sc2c1,,,CHEMBL1137543,Bioorg Med Chem,2007,,,CHEMBL237449,,CHEMBL237449,,0,http://www.openphacts.org/units/Nanomolar,663829,>,1,1,>,,IC50,nM,,32000.0,CHEMBL1857,Escherichia coli K-12,Enoyl-[acyl-carrier-protein] reductase [NADH] FabI,83333,,,IC50,uM,UO_0000065,,32.0
,,1990195,[],CHEMBL900393,Inhibition of Escherichia coli enoyl-ACP reductase FabI,B,,,BAO_0000190,BAO_0000357,single protein format,CS(=O)(=O)c1ccc2nc(NC(=O)NCc3nc4ccccc4[nH]3)sc2c1,,,CHEMBL1137543,Bioorg Med Chem,2007,,,CHEMBL237837,,CHEMBL237837,,0,http://www.openphacts.org/units/Nanomolar,663828,>,1,1,>,,IC50,nM,,32000.0,CHEMBL1857,Escherichia coli K-12,Enoyl-[acyl-carrier-protein] reductase [NADH] FabI,83333,,,IC50,uM,UO_0000065,,32.0
,,1990196,[],CHEMBL900393,Inhibition of Escherichia coli enoyl-ACP reductase FabI,B,,,BAO_0000190,BAO_0000357,single protein format,N#Cc1ccc2nc(NC(=O)NCc3nc4ccccc4[nH]3)sc2c1,,,CHEMBL1137543,Bioorg Med Chem,2007,,,CHEMBL237836,,CHEMBL237836,,0,http://www.openphacts.org/units/Nanomolar,663827,>,1,1,>,,IC50,nM,,32000.0,CHEMBL1857,Escherichia coli K-12,Enoyl-[acyl-carrier-protein] reductase [NADH] FabI,83333,,,IC50,uM,UO_0000065,,32.0
,,1990197,[],CHEMBL900393,Inhibition of Escherichia coli enoyl-ACP reductase FabI,B,,,BAO_0000190,BAO_0000357,single protein format,O=C(NCc1nc2ccccc2[nH]1)Nc1nc2ccc(F)cc2s1,,,CHEMBL1137543,Bioorg Med Chem,2007,,,CHEMBL393299,,CHEMBL393299,,0,http://www.openphacts.org/units/Nanomolar,663826,>,1,1,>,,IC50,nM,,32000.0,CHEMBL1857,Escherichia coli K-12,Enoyl-[acyl-carrier-protein] reductase [NADH] FabI,83333,,,IC50,uM,UO_0000065,,32.0
,,1990198,[],CHEMBL900393,Inhibition of Escherichia coli enoyl-ACP reductase FabI,B,,,BAO_0000190,BAO_0000357,single protein format,Cc1ccc2nc(NC(=O)NCc3nc4ccccc4[nH]3)sc2c1,,,CHEMBL1137543,Bioorg Med Chem,2007,,,CHEMBL237835,,CHEMBL237835,,0,http://www.openphacts.org/units/Nanomolar,663825,>,1,1,>,,IC50,nM,,32000.0,CHEMBL1857,Escherichia coli K-12,Enoyl-[acyl-carrier-protein] reductase [NADH] FabI,83333,,,IC50,uM,UO_0000065,,32.0
,,1990199,[],CHEMBL900393,Inhibition of Escherichia coli enoyl-ACP reductase FabI,B,,,BAO_0000190,BAO_0000357,single protein format,COc1ccc2nc(NC(=O)NCc3nc4ccccc4[nH]3)sc2c1,,,CHEMBL1137543,Bioorg Med Chem,2007,,,CHEMBL441138,,CHEMBL441138,,0,http://www.openphacts.org/units/Nanomolar,663824,>,1,1,>,,IC50,nM,,32000.0,CHEMBL1857,Escherichia coli K-12,Enoyl-[acyl-carrier-protein] reductase [NADH] FabI,83333,,,IC50,uM,UO_0000065,,32.0
,,1990200,[],CHEMBL900393,Inhibition of Escherichia coli enoyl-ACP reductase FabI,B,,,BAO_0000190,BAO_0000357,single protein format,COc1ccc2sc(NC(=O)NCc3nc4ccccc4[nH]3)nc2c1,,,CHEMBL1137543,Bioorg Med Chem,2007,,,CHEMBL237637,,CHEMBL237637,,0,http://www.openphacts.org/units/Nanomolar,663823,>,1,1,>,,IC50,nM,,32000.0,CHEMBL1857,Escherichia coli K-12,Enoyl-[acyl-carrier-protein] reductase [NADH] FabI,83333,,,IC50,uM,UO_0000065,,32.0
,,1990201,[],CHEMBL900393,Inhibition of Escherichia coli enoyl-ACP reductase FabI,B,,,BAO_0000190,BAO_0000357,single protein format,COc1cccc2sc(NC(=O)NCc3nc4ccccc4[nH]3)nc12,,,CHEMBL1137543,Bioorg Med Chem,2007,,,CHEMBL237636,,CHEMBL237636,,0,http://www.openphacts.org/units/Nanomolar,663822,>,1,1,>,,IC50,nM,,32000.0,CHEMBL1857,Escherichia coli K-12,Enoyl-[acyl-carrier-protein] reductase [NADH] FabI,83333,,,IC50,uM,UO_0000065,,32.0
,,1990202,[],CHEMBL900393,Inhibition of Escherichia coli enoyl-ACP reductase FabI,B,,,BAO_0000190,BAO_0000357,single protein format,O=C(NCc1nc2ccccc2[nH]1)Nc1nc2ccccc2s1,,,CHEMBL1137543,Bioorg Med Chem,2007,,,CHEMBL393298,,CHEMBL393298,,0,http://www.openphacts.org/units/Nanomolar,663821,>,1,1,>,,IC50,nM,,32000.0,CHEMBL1857,Escherichia coli K-12,Enoyl-[acyl-carrier-protein] reductase [NADH] FabI,83333,,,IC50,uM,UO_0000065,,32.0
,,1990203,[],CHEMBL900393,Inhibition of Escherichia coli enoyl-ACP reductase FabI,B,,,BAO_0000190,BAO_0000357,single protein format,O=C(Nc1nc2ccccc2s1)OCc1nc2ccccc2[nH]1,,,CHEMBL1137543,Bioorg Med Chem,2007,,,CHEMBL237635,,CHEMBL237635,,0,http://www.openphacts.org/units/Nanomolar,663820,>,1,1,>,,IC50,nM,,32000.0,CHEMBL1857,Escherichia coli K-12,Enoyl-[acyl-carrier-protein] reductase [NADH] FabI,83333,,,IC50,uM,UO_0000065,,32.0
,,1990204,[],CHEMBL900393,Inhibition of Escherichia coli enoyl-ACP reductase FabI,B,,,BAO_0000190,BAO_0000357,single protein format,O=C(CSc1nc2ccccc2[nH]1)NCc1nc2ccccc2s1,,,CHEMBL1137543,Bioorg Med Chem,2007,,,CHEMBL237448,,CHEMBL237448,,0,http://www.openphacts.org/units/Nanomolar,663819,>,1,1,>,,IC50,nM,,32000.0,CHEMBL1857,Escherichia coli K-12,Enoyl-[acyl-carrier-protein] reductase [NADH] FabI,83333,,,IC50,uM,UO_0000065,,32.0
,,1990205,[],CHEMBL900393,Inhibition of Escherichia coli enoyl-ACP reductase FabI,B,,,BAO_0000190,BAO_0000357,single protein format,O=C(CSc1nc2ccccc2[nH]1)Nc1nc2ccccc2s1,,,CHEMBL1137543,Bioorg Med Chem,2007,,,CHEMBL392025,,CHEMBL392025,,0,http://www.openphacts.org/units/Nanomolar,663818,>,1,1,>,,IC50,nM,,32000.0,CHEMBL1857,Escherichia coli K-12,Enoyl-[acyl-carrier-protein] reductase [NADH] FabI,83333,,,IC50,uM,UO_0000065,,32.0
,,3011763,[],CHEMBL1039106,Inhibition of Escherichia coli FabI,B,,,BAO_0000190,BAO_0000019,assay format,Cc1c(CN(C)C(=O)/C=C/c2cnc3c(c2)CCC(=O)N3)sc2ccccc12,,,CHEMBL1155987,Bioorg Med Chem Lett,2009,"{'bei': '18.38', 'le': '0.35', 'lle': '3.03', 'sei': '11.55'}",,CHEMBL566655,,CHEMBL566655,7.19,0,http://www.openphacts.org/units/Nanomolar,862337,=,1,1,=,,IC50,nM,,64.0,CHEMBL1857,Escherichia coli K-12,Enoyl-[acyl-carrier-protein] reductase [NADH] FabI,83333,,,IC50,nM,UO_0000065,,64.0
,,3011764,[],CHEMBL1039106,Inhibition of Escherichia coli FabI,B,,,BAO_0000190,BAO_0000019,assay format,CN(Cc1cc2ccccc2n1C)C(=O)/C=C/c1cnc2c(c1)CCC(=O)N2,,,CHEMBL1155987,Bioorg Med Chem Lett,2009,"{'bei': '18.22', 'le': '0.33', 'lle': '3.69', 'sei': '10.15'}",,CHEMBL44183,,CHEMBL44183,6.82,0,http://www.openphacts.org/units/Nanomolar,862347,=,1,1,=,,IC50,nM,,150.0,CHEMBL1857,Escherichia coli K-12,Enoyl-[acyl-carrier-protein] reductase [NADH] FabI,83333,,,IC50,nM,UO_0000065,,150.0
,,3011765,[],CHEMBL1039106,Inhibition of Escherichia coli FabI,B,,,BAO_0000190,BAO_0000019,assay format,Cc1c(CN(C)C(=O)/C=C/c2cnc3c(c2)NCCC(=O)N3)sc2ccc(F)cc12,,,CHEMBL1155987,Bioorg Med Chem Lett,2009,"{'bei': '17.91', 'le': '0.35', 'lle': '3.43', 'sei': '10.23'}",,CHEMBL567084,,CHEMBL567084,7.60,0,http://www.openphacts.org/units/Nanomolar,862368,=,1,1,=,,IC50,nM,,25.0,CHEMBL1857,Escherichia coli K-12,Enoyl-[acyl-carrier-protein] reductase [NADH] FabI,83333,,,IC50,nM,UO_0000065,,25.0
,,3011766,[],CHEMBL1039106,Inhibition of Escherichia coli FabI,B,,,BAO_0000190,BAO_0000019,assay format,CN(Cc1cc2ccccc2n1C)C(=O)/C=C/c1cnc2c(c1)NCCC(=O)N2,,,CHEMBL1155987,Bioorg Med Chem Lett,2009,"{'bei': '17.63', 'le': '0.32', 'lle': '3.87', 'sei': '8.66'}",,CHEMBL566443,,CHEMBL566443,6.87,0,http://www.openphacts.org/units/Nanomolar,862369,=,1,1,=,,IC50,nM,,136.0,CHEMBL1857,Escherichia coli K-12,Enoyl-[acyl-carrier-protein] reductase [NADH] FabI,83333,,,IC50,nM,UO_0000065,,136.0
,,3011767,[],CHEMBL1039106,Inhibition of Escherichia coli FabI,B,,,BAO_0000190,BAO_0000019,assay format,Cc1c(CN(C)C(=O)/C=C/c2cnc3c(c2)NCCC(=O)N3)[nH]c2ccccc12,,,CHEMBL1155987,Bioorg Med Chem Lett,2009,"{'bei': '15.60', 'le': '0.29', 'lle': '2.78', 'sei': '6.74'}",,CHEMBL566654,,CHEMBL566654,6.08,0,http://www.openphacts.org/units/Nanomolar,862371,=,1,1,=,,IC50,nM,,840.0,CHEMBL1857,Escherichia coli K-12,Enoyl-[acyl-carrier-protein] reductase [NADH] FabI,83333,,,IC50,nM,UO_0000065,,840.0
,,3011768,[],CHEMBL1039106,Inhibition of Escherichia coli FabI,B,,,BAO_0000190,BAO_0000019,assay format,Cc1c(CN(C)C(=O)/C=C/c2cnc3c(c2)NCCC(=O)N3)oc2ccccc12,,,CHEMBL1155987,Bioorg Med Chem Lett,2009,"{'bei': '19.47', 'le': '0.36', 'lle': '4.04', 'sei': '8.69'}",,CHEMBL567931,,CHEMBL567931,7.60,0,http://www.openphacts.org/units/Nanomolar,862400,=,1,1,=,,IC50,nM,,25.0,CHEMBL1857,Escherichia coli K-12,Enoyl-[acyl-carrier-protein] reductase [NADH] FabI,83333,,,IC50,nM,UO_0000065,,25.0
,,3011769,[],CHEMBL1039106,Inhibition of Escherichia coli FabI,B,,,BAO_0000190,BAO_0000019,assay format,Cc1c(CN(C)C(=O)/C=C/c2cnc3c(c2)NCCCN3)sc2ccccc12,,,CHEMBL1155987,Bioorg Med Chem Lett,2009,"{'bei': '20.01', 'le': '0.38', 'lle': '3.35', 'sei': '13.72'}",,CHEMBL567313,,CHEMBL567313,7.85,0,http://www.openphacts.org/units/Nanomolar,862401,=,1,1,=,,IC50,nM,,14.0,CHEMBL1857,Escherichia coli K-12,Enoyl-[acyl-carrier-protein] reductase [NADH] FabI,83333,,,IC50,nM,UO_0000065,,14.0
,,3011770,[],CHEMBL1039106,Inhibition of Escherichia coli FabI,B,,,BAO_0000190,BAO_0000019,assay format,Cc1c(CN(C)C(=O)/C=C/c2cnc3c(c2)NCCCN3)oc2ccccc12,,,CHEMBL1155987,Bioorg Med Chem Lett,2009,"{'bei': '21.04', 'le': '0.39', 'lle': '3.88', 'sei': '11.25'}",,CHEMBL567520,,CHEMBL567520,7.92,0,http://www.openphacts.org/units/Nanomolar,862402,=,1,1,=,,IC50,nM,,12.0,CHEMBL1857,Escherichia coli K-12,Enoyl-[acyl-carrier-protein] reductase [NADH] FabI,83333,,,IC50,nM,UO_0000065,,12.0
,Not Determined,3011771,[],CHEMBL1039106,Inhibition of Escherichia coli FabI,B,,,BAO_0000190,BAO_0000019,assay format,CN1CC(=O)Nc2ncc(/C=C/C(=O)N(C)Cc3cc4ccccc4n3C)cc2C1,,,CHEMBL1155987,Bioorg Med Chem Lett,2009,,,CHEMBL567106,,CHEMBL567106,,0,,862338,,1,0,,,IC50,,,,CHEMBL1857,Escherichia coli K-12,Enoyl-[acyl-carrier-protein] reductase [NADH] FabI,83333,,,IC50,,,,
,,3011772,[],CHEMBL1039106,Inhibition of Escherichia coli FabI,B,,,BAO_0000190,BAO_0000019,assay format,CN(Cc1cc2ccccc2n1C)C(=O)/C=C/c1cnc2c(c1)CNCC(=O)N2,,,CHEMBL1155987,Bioorg Med Chem Lett,2009,"{'bei': '16.64', 'le': '0.31', 'lle': '4.19', 'sei': '8.18'}",,CHEMBL567910,,CHEMBL567910,6.48,0,http://www.openphacts.org/units/Nanomolar,862363,=,1,1,=,,IC50,nM,,330.0,CHEMBL1857,Escherichia coli K-12,Enoyl-[acyl-carrier-protein] reductase [NADH] FabI,83333,,,IC50,nM,UO_0000065,,330.0
,,3011773,[],CHEMBL1039106,Inhibition of Escherichia coli FabI,B,,,BAO_0000190,BAO_0000019,assay format,Cc1c(CN(C)C(=O)/C=C/c2cnc3c(c2)CNCC(=O)N3)oc2ccccc12,,,CHEMBL1155987,Bioorg Med Chem Lett,2009,"{'bei': '19.31', 'le': '0.35', 'lle': '4.69', 'sei': '8.62'}",,CHEMBL567710,,CHEMBL567710,7.54,0,http://www.openphacts.org/units/Nanomolar,862382,=,1,1,=,,IC50,nM,,29.0,CHEMBL1857,Escherichia coli K-12,Enoyl-[acyl-carrier-protein] reductase [NADH] FabI,83333,,,IC50,nM,UO_0000065,,29.0
,,3011774,[],CHEMBL1039106,Inhibition of Escherichia coli FabI,B,,,BAO_0000190,BAO_0000019,assay format,Cc1c(CN(C)C(=O)/C=C/c2cnc3c(c2)CNCCN3)sc2ccccc12,,,CHEMBL1155987,Bioorg Med Chem Lett,2009,"{'bei': '20.50', 'le': '0.39', 'lle': '4.26', 'sei': '14.05'}",,CHEMBL583197,,CHEMBL583197,8.05,0,http://www.openphacts.org/units/Nanomolar,862410,=,1,1,=,,IC50,nM,,9.0,CHEMBL1857,Escherichia coli K-12,Enoyl-[acyl-carrier-protein] reductase [NADH] FabI,83333,,,IC50,nM,UO_0000065,,9.0
,,3011775,[],CHEMBL1039106,Inhibition of Escherichia coli FabI,B,,,BAO_0000190,BAO_0000019,assay format,Cc1c(CN(C)C(=O)/C=C/c2cnc3c(c2)CNCCN3)oc2ccccc12,,,CHEMBL1155987,Bioorg Med Chem Lett,2009,"{'bei': '20.86', 'le': '0.38', 'lle': '4.53', 'sei': '11.16'}",,CHEMBL565647,,CHEMBL565647,7.85,0,http://www.openphacts.org/units/Nanomolar,862411,=,1,1,=,,IC50,nM,,14.0,CHEMBL1857,Escherichia coli K-12,Enoyl-[acyl-carrier-protein] reductase [NADH] FabI,83333,,,IC50,nM,UO_0000065,,14.0
,,3011776,[],CHEMBL1039106,Inhibition of Escherichia coli FabI,B,,,BAO_0000190,BAO_0000019,assay format,Cc1c(CN(C)C(=O)/C=C/c2cnc3c(c2)CNC(=O)CN3)oc2ccccc12,,,CHEMBL1155987,Bioorg Med Chem Lett,2009,"{'bei': '18.98', 'le': '0.35', 'lle': '4.56', 'sei': '8.47'}",,CHEMBL570866,,CHEMBL570866,7.41,0,http://www.openphacts.org/units/Nanomolar,862332,=,1,1,=,,IC50,nM,,39.0,CHEMBL1857,Escherichia coli K-12,Enoyl-[acyl-carrier-protein] reductase [NADH] FabI,83333,,,IC50,nM,UO_0000065,,39.0
,,3011777,[],CHEMBL1039106,Inhibition of Escherichia coli FabI,B,,,BAO_0000190,BAO_0000019,assay format,Cc1c(CN(C)C(=O)/C=C/c2cnc3c(c2)CNC(=O)CCN3)oc2ccccc12,,,CHEMBL1155987,Bioorg Med Chem Lett,2009,"{'bei': '18.60', 'le': '0.34', 'lle': '4.28', 'sei': '8.60'}",,CHEMBL567311,,CHEMBL567311,7.52,0,http://www.openphacts.org/units/Nanomolar,862339,=,1,1,=,,IC50,nM,,30.0,CHEMBL1857,Escherichia coli K-12,Enoyl-[acyl-carrier-protein] reductase [NADH] FabI,83333,,,IC50,nM,UO_0000065,,30.0
,,3011778,[],CHEMBL1039106,Inhibition of Escherichia coli FabI,B,,,BAO_0000190,BAO_0000019,assay format,Cc1c(CN(C)C(=O)/C=C/c2cnc3c(c2)CNCCCN3)oc2ccccc12,,,CHEMBL1155987,Bioorg Med Chem Lett,2009,"{'bei': '19.96', 'le': '0.37', 'lle': '4.09', 'sei': '11.07'}",,CHEMBL576646,,CHEMBL576646,7.80,0,http://www.openphacts.org/units/Nanomolar,862354,=,1,1,=,,IC50,nM,,16.0,CHEMBL1857,Escherichia coli K-12,Enoyl-[acyl-carrier-protein] reductase [NADH] FabI,83333,,,IC50,nM,UO_0000065,,16.0
,Not Determined,3013018,[],CHEMBL1039115,Inhibition of Escherichia coli FabI assessed as effect on NAD(P)H consumption,B,,,BAO_0000190,BAO_0000019,assay format,Cc1c(CN(C)C(=O)/C=C/c2cnc3c(c2)CCC(=O)N3)sc2ccccc12,,,CHEMBL1155988,Bioorg Med Chem Lett,2009,,,CHEMBL566655,,CHEMBL566655,,0,,862372,,1,0,,,IC50,,,,CHEMBL1857,Escherichia coli K-12,Enoyl-[acyl-carrier-protein] reductase [NADH] FabI,83333,,,IC50,,,,
,,3013019,[],CHEMBL1039115,Inhibition of Escherichia coli FabI assessed as effect on NAD(P)H consumption,B,,,BAO_0000190,BAO_0000019,assay format,CN(Cc1cc2ccccc2n1C)C(=O)/C=C/c1cnc2c(c1)CCC(=O)N2,,,CHEMBL1155988,Bioorg Med Chem Lett,2009,"{'bei': '18.31', 'le': '0.33', 'lle': '3.73', 'sei': '10.20'}",,CHEMBL44183,,CHEMBL44183,6.86,0,http://www.openphacts.org/units/Nanomolar,862383,=,1,1,=,,IC50,nM,,139.0,CHEMBL1857,Escherichia coli K-12,Enoyl-[acyl-carrier-protein] reductase [NADH] FabI,83333,,,IC50,nM,UO_0000065,,139.0
,,3013020,[],CHEMBL1039115,Inhibition of Escherichia coli FabI assessed as effect on NAD(P)H consumption,B,,,BAO_0000190,BAO_0000019,assay format,Cc1c(CN(C)C(=O)/C=C/c2cnc3c(c2)CN(CCN2CCOCC2)C(=O)N3)sc2ccccc12,,,CHEMBL1155988,Bioorg Med Chem Lett,2009,"{'bei': '16.13', 'le': '0.31', 'lle': '4.19', 'sei': '10.45'}",,CHEMBL566043,,CHEMBL566043,8.15,0,http://www.openphacts.org/units/Nanomolar,862392,=,1,1,=,,IC50,nM,,7.0,CHEMBL1857,Escherichia coli K-12,Enoyl-[acyl-carrier-protein] reductase [NADH] FabI,83333,,,IC50,nM,UO_0000065,,7.0
,,3013021,[],CHEMBL1039115,Inhibition of Escherichia coli FabI assessed as effect on NAD(P)H consumption,B,,,BAO_0000190,BAO_0000019,assay format,Cc1c(CN(C)C(=O)/C=C/c2cnc3c(c2)CC2(CCNCC2)C(=O)N3)oc2ccccc12,,,CHEMBL1155988,Bioorg Med Chem Lett,2009,"{'bei': '20.59', 'le': '0.38', 'lle': '5.48', 'sei': '10.47'}",,CHEMBL586043,,CHEMBL586043,9.15,0,http://www.openphacts.org/units/Nanomolar,862329,=,1,1,=,,IC50,nM,,0.7,CHEMBL1857,Escherichia coli K-12,Enoyl-[acyl-carrier-protein] reductase [NADH] FabI,83333,,,IC50,nM,UO_0000065,,0.7
,,3013022,[],CHEMBL1039115,Inhibition of Escherichia coli FabI assessed as effect on NAD(P)H consumption,B,,,BAO_0000190,BAO_0000019,assay format,CN(Cc1cc2ccccc2n1C)C(=O)/C=C/c1cnc2c(c1)CC1(CCNCC1)C(=O)N2,,,CHEMBL1155988,Bioorg Med Chem Lett,2009,"{'bei': '17.52', 'le': '0.32', 'lle': '4.66', 'sei': '9.80'}",,CHEMBL571088,,CHEMBL571088,7.77,0,http://www.openphacts.org/units/Nanomolar,862343,=,1,1,=,,IC50,nM,,17.0,CHEMBL1857,Escherichia coli K-12,Enoyl-[acyl-carrier-protein] reductase [NADH] FabI,83333,,,IC50,nM,UO_0000065,,17.0
,,3013023,[],CHEMBL1039115,Inhibition of Escherichia coli FabI assessed as effect on NAD(P)H consumption,B,,,BAO_0000190,BAO_0000019,assay format,Cc1c(CN(C)C(=O)/C=C/c2cnc3c(c2)CC2(CCNCC2)C(=O)N3)sc2ccccc12,,,CHEMBL1155988,Bioorg Med Chem Lett,2009,"{'bei': '20.40', 'le': '0.39', 'lle': '5.26', 'sei': '12.64'}",,CHEMBL566647,,CHEMBL566647,9.40,0,http://www.openphacts.org/units/Nanomolar,862355,=,1,1,=,,IC50,nM,,0.4,CHEMBL1857,Escherichia coli K-12,Enoyl-[acyl-carrier-protein] reductase [NADH] FabI,83333,,,IC50,nM,UO_0000065,,0.4
,Not Determined,3013024,[],CHEMBL1039115,Inhibition of Escherichia coli FabI assessed as effect on NAD(P)H consumption,B,,,BAO_0000190,BAO_0000019,assay format,CCCOc1c(CN(C)C(=O)/C=C/c2cnc3c(c2)CC2(CCNCC2)C(=O)N3)cccc1OC,,,CHEMBL1155988,Bioorg Med Chem Lett,2009,,,CHEMBL565827,,CHEMBL565827,,0,,862373,,1,0,,,IC50,,,,CHEMBL1857,Escherichia coli K-12,Enoyl-[acyl-carrier-protein] reductase [NADH] FabI,83333,,,IC50,,,,
,,3013025,[],CHEMBL1039115,Inhibition of Escherichia coli FabI assessed as effect on NAD(P)H consumption,B,,,BAO_0000190,BAO_0000019,assay format,Cc1c(CN(C)C(=O)/C=C/c2cnc3c(c2)CC2(CCN(C)CC2)C(=O)N3)oc2ccccc12,,,CHEMBL1155988,Bioorg Med Chem Lett,2009,"{'bei': '19.07', 'le': '0.35', 'lle': '4.73', 'sei': '11.11'}",,CHEMBL567711,,CHEMBL567711,8.74,0,http://www.openphacts.org/units/Nanomolar,862384,=,1,1,=,,IC50,nM,,1.8,CHEMBL1857,Escherichia coli K-12,Enoyl-[acyl-carrier-protein] reductase [NADH] FabI,83333,,,IC50,nM,UO_0000065,,1.8
,,3013026,[],CHEMBL1039115,Inhibition of Escherichia coli FabI assessed as effect on NAD(P)H consumption,B,,,BAO_0000190,BAO_0000019,assay format,Cc1c(CN(C)C(=O)/C=C/c2cnc3c(c2)CC2(CCN(C)CC2)C(=O)N3)sc2ccccc12,,,CHEMBL1155988,Bioorg Med Chem Lett,2009,"{'bei': '18.16', 'le': '0.35', 'lle': '4.14', 'sei': '13.15'}",,CHEMBL566665,,CHEMBL566665,8.62,0,http://www.openphacts.org/units/Nanomolar,862324,=,1,1,=,,IC50,nM,,2.4,CHEMBL1857,Escherichia coli K-12,Enoyl-[acyl-carrier-protein] reductase [NADH] FabI,83333,,,IC50,nM,UO_0000065,,2.4
,,3013027,[],CHEMBL1039115,Inhibition of Escherichia coli FabI assessed as effect on NAD(P)H consumption,B,,,BAO_0000190,BAO_0000019,assay format,Cc1c(CN(C)C(=O)/C=C/c2cnc3c(c2)CC2(CCN(C)CC2)C(=O)N3)sc2ccc(F)cc12,,,CHEMBL1155988,Bioorg Med Chem Lett,2009,"{'bei': '15.47', 'le': '0.30', 'lle': '3.00', 'sei': '11.63'}",,CHEMBL566666,,CHEMBL566666,7.62,0,http://www.openphacts.org/units/Nanomolar,862325,=,1,1,=,,IC50,nM,,24.0,CHEMBL1857,Escherichia coli K-12,Enoyl-[acyl-carrier-protein] reductase [NADH] FabI,83333,,,IC50,nM,UO_0000065,,24.0
,,3013028,[],CHEMBL1039115,Inhibition of Escherichia coli FabI assessed as effect on NAD(P)H consumption,B,,,BAO_0000190,BAO_0000019,assay format,CCCOc1c(CN(C)C(=O)/C=C/c2cnc3c(c2)CC2(CCN(C)CC2)C(=O)N3)cccc1OC,,,CHEMBL1155988,Bioorg Med Chem Lett,2009,"{'bei': '14.74', 'le': '0.28', 'lle': '3.50', 'sei': '8.64'}",,CHEMBL568359,,CHEMBL568359,7.26,0,http://www.openphacts.org/units/Nanomolar,862330,=,1,1,=,,IC50,nM,,55.0,CHEMBL1857,Escherichia coli K-12,Enoyl-[acyl-carrier-protein] reductase [NADH] FabI,83333,,,IC50,nM,UO_0000065,,55.0
,,12160708,[],CHEMBL2188149,Inhibition of Escherichia coli FabI using crotonoyl-CoA as substrate preincubated for 90 mins,B,,,BAO_0000190,BAO_0000019,assay format,CCc1ccc(Oc2ccc(N3CC(CNC(C)=O)OC3=O)cc2F)c(O)c1,,,CHEMBL2176870,J Med Chem,2012,"{'bei': '13.43', 'le': '0.25', 'lle': '1.86', 'sei': '5.92'}",,CHEMBL2178302,,CHEMBL2178302,5.21,0,http://www.openphacts.org/units/Nanomolar,1751163,=,1,1,=,,IC50,nM,,6100.0,CHEMBL1857,Escherichia coli K-12,Enoyl-[acyl-carrier-protein] reductase [NADH] FabI,83333,,,IC50,uM,UO_0000065,,6.1
,,12160709,[],CHEMBL2188149,Inhibition of Escherichia coli FabI using crotonoyl-CoA as substrate preincubated for 90 mins,B,,,BAO_0000190,BAO_0000019,assay format,CCc1ccc(Oc2ccc(/C(C)=N/OC)cc2F)c(O)c1,,,CHEMBL2176870,J Med Chem,2012,"{'bei': '16.00', 'le': '0.30', 'lle': '0.59', 'sei': '9.51'}",,CHEMBL2178301,,CHEMBL2178301,4.85,0,http://www.openphacts.org/units/Nanomolar,1751162,=,1,1,=,,IC50,nM,,14000.0,CHEMBL1857,Escherichia coli K-12,Enoyl-[acyl-carrier-protein] reductase [NADH] FabI,83333,,,IC50,uM,UO_0000065,,14.0
,,12160710,[],CHEMBL2188149,Inhibition of Escherichia coli FabI using crotonoyl-CoA as substrate preincubated for 90 mins,B,,,BAO_0000190,BAO_0000019,assay format,CCc1ccc(Oc2ccc(C(C)=O)cc2F)c(O)c1,,,CHEMBL2176870,J Med Chem,2012,"{'bei': '25.37', 'le': '0.48', 'lle': '2.87', 'sei': '14.96'}",,CHEMBL2178300,,CHEMBL2178300,6.96,0,http://www.openphacts.org/units/Nanomolar,1751161,=,1,1,=,,IC50,nM,,110.0,CHEMBL1857,Escherichia coli K-12,Enoyl-[acyl-carrier-protein] reductase [NADH] FabI,83333,,,IC50,uM,UO_0000065,,0.11
,,12160711,[],CHEMBL2188149,Inhibition of Escherichia coli FabI using crotonoyl-CoA as substrate preincubated for 90 mins,B,,,BAO_0000190,BAO_0000019,assay format,CCc1ccc(Oc2ccc(NS(=O)(=O)C3CC3)cc2F)c(O)c1,,,CHEMBL2176870,J Med Chem,2012,"{'bei': '16.05', 'le': '0.32', 'lle': '1.85', 'sei': '7.46'}",,CHEMBL2178299,,CHEMBL2178299,5.64,0,http://www.openphacts.org/units/Nanomolar,1751160,=,1,1,=,,IC50,nM,,2300.0,CHEMBL1857,Escherichia coli K-12,Enoyl-[acyl-carrier-protein] reductase [NADH] FabI,83333,,,IC50,uM,UO_0000065,,2.3
,,12160712,[],CHEMBL2188149,Inhibition of Escherichia coli FabI using crotonoyl-CoA as substrate preincubated for 90 mins,B,,,BAO_0000190,BAO_0000019,assay format,CCCNc1ccc(Oc2ccc(CC)cc2O)c(F)c1,,,CHEMBL2176870,J Med Chem,2012,"{'bei': '20.98', 'le': '0.39', 'lle': '1.36', 'sei': '14.63'}",,CHEMBL2178298,,CHEMBL2178298,6.07,0,http://www.openphacts.org/units/Nanomolar,1751159,=,1,1,=,,IC50,nM,,850.0,CHEMBL1857,Escherichia coli K-12,Enoyl-[acyl-carrier-protein] reductase [NADH] FabI,83333,,,IC50,uM,UO_0000065,,0.85
,,12160713,[],CHEMBL2188149,Inhibition of Escherichia coli FabI using crotonoyl-CoA as substrate preincubated for 90 mins,B,,,BAO_0000190,BAO_0000019,assay format,CCc1ccc(Oc2ccc(NCCCO)cc2F)c(O)c1,,,CHEMBL2176870,J Med Chem,2012,"{'bei': '19.65', 'le': '0.37', 'lle': '2.32', 'sei': '9.72'}",,CHEMBL2178297,,CHEMBL2178297,6.00,0,http://www.openphacts.org/units/Nanomolar,1751158,=,1,1,=,,IC50,nM,,1000.0,CHEMBL1857,Escherichia coli K-12,Enoyl-[acyl-carrier-protein] reductase [NADH] FabI,83333,,,IC50,uM,UO_0000065,,1.0
,,12160714,[],CHEMBL2188149,Inhibition of Escherichia coli FabI using crotonoyl-CoA as substrate preincubated for 90 mins,B,,,BAO_0000190,BAO_0000019,assay format,CCc1ccc(Oc2ccc(S(=O)(=O)NCCO)cc2F)c(O)c1,,,CHEMBL2176870,J Med Chem,2012,"{'bei': '16.66', 'le': '0.34', 'lle': '3.76', 'sei': '6.18'}",,CHEMBL2178296,,CHEMBL2178296,5.92,0,http://www.openphacts.org/units/Nanomolar,1751157,=,1,1,=,,IC50,nM,,1200.0,CHEMBL1857,Escherichia coli K-12,Enoyl-[acyl-carrier-protein] reductase [NADH] FabI,83333,,,IC50,uM,UO_0000065,,1.2
,,12160715,[],CHEMBL2188149,Inhibition of Escherichia coli FabI using crotonoyl-CoA as substrate preincubated for 90 mins,B,,,BAO_0000190,BAO_0000019,assay format,CCc1ccc(Oc2ccc(S(=O)(=O)NCCc3ccccn3)cc2F)c(O)c1,,,CHEMBL2176870,J Med Chem,2012,"{'bei': '16.39', 'le': '0.32', 'lle': '3.02', 'sei': '7.71'}",,CHEMBL2178295,,CHEMBL2178295,6.82,0,http://www.openphacts.org/units/Nanomolar,1751156,=,1,1,=,,IC50,nM,,150.0,CHEMBL1857,Escherichia coli K-12,Enoyl-[acyl-carrier-protein] reductase [NADH] FabI,83333,,,IC50,uM,UO_0000065,,0.15
,,12160716,[],CHEMBL2188149,Inhibition of Escherichia coli FabI using crotonoyl-CoA as substrate preincubated for 90 mins,B,,,BAO_0000190,BAO_0000019,assay format,CCCNS(=O)(=O)c1ccc(Oc2ccc(CC)cc2O)c(F)c1,,,CHEMBL2176870,J Med Chem,2012,"{'bei': '18.73', 'le': '0.38', 'lle': '3.05', 'sei': '8.75'}",,CHEMBL2178294,,CHEMBL2178294,6.62,0,http://www.openphacts.org/units/Nanomolar,1751155,=,1,1,=,,IC50,nM,,240.0,CHEMBL1857,Escherichia coli K-12,Enoyl-[acyl-carrier-protein] reductase [NADH] FabI,83333,,,IC50,uM,UO_0000065,,0.24
,,12160717,[],CHEMBL2188149,Inhibition of Escherichia coli FabI using crotonoyl-CoA as substrate preincubated for 90 mins,B,,,BAO_0000190,BAO_0000019,assay format,CCc1ccc(Oc2ccc(S(N)(=O)=O)cc2F)c(O)c1,,,CHEMBL2176870,J Med Chem,2012,"{'bei': '19.48', 'le': '0.39', 'lle': '3.54', 'sei': '6.77'}",,CHEMBL2178293,,CHEMBL2178293,6.07,0,http://www.openphacts.org/units/Nanomolar,1751154,=,1,1,=,,IC50,nM,,860.0,CHEMBL1857,Escherichia coli K-12,Enoyl-[acyl-carrier-protein] reductase [NADH] FabI,83333,,,IC50,uM,UO_0000065,,0.86
,,12160718,[],CHEMBL2188149,Inhibition of Escherichia coli FabI using crotonoyl-CoA as substrate preincubated for 90 mins,B,,,BAO_0000190,BAO_0000019,assay format,CCc1ccc(Oc2ccc(S(C)(=O)=O)cc2F)c(O)c1,,,CHEMBL2176870,J Med Chem,2012,"{'bei': '22.08', 'le': '0.45', 'lle': '3.56', 'sei': '10.78'}",,CHEMBL2178292,,CHEMBL2178292,6.85,0,http://www.openphacts.org/units/Nanomolar,1751153,=,1,1,=,,IC50,nM,,140.0,CHEMBL1857,Escherichia coli K-12,Enoyl-[acyl-carrier-protein] reductase [NADH] FabI,83333,,,IC50,uM,UO_0000065,,0.14
,,12160719,[],CHEMBL2188149,Inhibition of Escherichia coli FabI using crotonoyl-CoA as substrate preincubated for 90 mins,B,,,BAO_0000190,BAO_0000019,assay format,CCc1ccc(Oc2ccccc2NC)c(O)c1,Outside typical range,"Values for this activity type are unusually large/small, so may not be accurate",CHEMBL2176870,J Med Chem,2012,,,CHEMBL2178314,,CHEMBL2178314,,0,http://www.openphacts.org/units/Nanomolar,1751176,=,1,1,=,,IC50,nM,,112000.0,CHEMBL1857,Escherichia coli K-12,Enoyl-[acyl-carrier-protein] reductase [NADH] FabI,83333,,,IC50,uM,UO_0000065,,112.0
,,12160720,[],CHEMBL2188149,Inhibition of Escherichia coli FabI using crotonoyl-CoA as substrate preincubated for 90 mins,B,,,BAO_0000190,BAO_0000019,assay format,CCc1ccc(Oc2cc(C)ccc2N)c(O)c1,,,CHEMBL2176870,J Med Chem,2012,"{'bei': '17.99', 'le': '0.33', 'lle': '0.74', 'sei': '7.89'}",,CHEMBL2178313,,CHEMBL2178313,4.38,0,http://www.openphacts.org/units/Nanomolar,1751175,=,1,1,=,,IC50,nM,,42000.0,CHEMBL1857,Escherichia coli K-12,Enoyl-[acyl-carrier-protein] reductase [NADH] FabI,83333,,,IC50,uM,UO_0000065,,42.0
,,12160721,[],CHEMBL2188149,Inhibition of Escherichia coli FabI using crotonoyl-CoA as substrate preincubated for 90 mins,B,,,BAO_0000190,BAO_0000019,assay format,CCc1ccc(Oc2ccccc2N)c(O)c1,,,CHEMBL2176870,J Med Chem,2012,"{'bei': '29.64', 'le': '0.55', 'lle': '3.47', 'sei': '12.25'}",,CHEMBL2178312,,CHEMBL2178312,6.80,0,http://www.openphacts.org/units/Nanomolar,1751174,=,1,1,=,,IC50,nM,,160.0,CHEMBL1857,Escherichia coli K-12,Enoyl-[acyl-carrier-protein] reductase [NADH] FabI,83333,,,IC50,uM,UO_0000065,,0.16
,,12160722,[],CHEMBL2188149,Inhibition of Escherichia coli FabI using crotonoyl-CoA as substrate preincubated for 90 mins,B,,,BAO_0000190,BAO_0000019,assay format,CCc1ccc(Oc2ccc(S(=O)(=O)CCC3OCCO3)cc2)c(O)c1,,,CHEMBL2176870,J Med Chem,2012,"{'bei': '16.96', 'le': '0.34', 'lle': '3.14', 'sei': '7.82'}",,CHEMBL2178311,,CHEMBL2178311,6.42,0,http://www.openphacts.org/units/Nanomolar,1751173,=,1,1,=,,IC50,nM,,380.0,CHEMBL1857,Escherichia coli K-12,Enoyl-[acyl-carrier-protein] reductase [NADH] FabI,83333,,,IC50,uM,UO_0000065,,0.38
,,12160723,[],CHEMBL2188149,Inhibition of Escherichia coli FabI using crotonoyl-CoA as substrate preincubated for 90 mins,B,,,BAO_0000190,BAO_0000019,assay format,CCc1ccc(Oc2ccc(S(C)(=O)=O)cc2)c(O)c1,,,CHEMBL2176870,J Med Chem,2012,"{'bei': '20.84', 'le': '0.42', 'lle': '2.94', 'sei': '9.58'}",,CHEMBL2178310,,CHEMBL2178310,6.09,0,http://www.openphacts.org/units/Nanomolar,1751172,=,1,1,=,,IC50,nM,,810.0,CHEMBL1857,Escherichia coli K-12,Enoyl-[acyl-carrier-protein] reductase [NADH] FabI,83333,,,IC50,uM,UO_0000065,,0.81
,,12160724,[],CHEMBL2188149,Inhibition of Escherichia coli FabI using crotonoyl-CoA as substrate preincubated for 90 mins,B,,,BAO_0000190,BAO_0000019,assay format,CCCc1ccc(Oc2cccc(NC(C)=O)c2)c(O)c1,,,CHEMBL2176870,J Med Chem,2012,"{'bei': '15.27', 'le': '0.28', 'lle': '0.26', 'sei': '7.44'}",,CHEMBL2178309,,CHEMBL2178309,4.36,0,http://www.openphacts.org/units/Nanomolar,1751171,=,1,1,=,,IC50,nM,,44000.0,CHEMBL1857,Escherichia coli K-12,Enoyl-[acyl-carrier-protein] reductase [NADH] FabI,83333,,,IC50,uM,UO_0000065,,44.0
,,12160725,[],CHEMBL2188149,Inhibition of Escherichia coli FabI using crotonoyl-CoA as substrate preincubated for 90 mins,B,,,BAO_0000190,BAO_0000019,assay format,CCCc1ccc(Oc2cccc(OC)c2)c(O)c1,,,CHEMBL2176870,J Med Chem,2012,"{'bei': '21.32', 'le': '0.40', 'lle': '1.36', 'sei': '14.24'}",,CHEMBL2178308,,CHEMBL2178308,5.51,0,http://www.openphacts.org/units/Nanomolar,1751170,=,1,1,=,,IC50,nM,,3100.0,CHEMBL1857,Escherichia coli K-12,Enoyl-[acyl-carrier-protein] reductase [NADH] FabI,83333,,,IC50,uM,UO_0000065,,3.1
,,12160726,[],CHEMBL2188149,Inhibition of Escherichia coli FabI using crotonoyl-CoA as substrate preincubated for 90 mins,B,,,BAO_0000190,BAO_0000019,assay format,CCCc1ccc(Oc2ccc(OC)cc2)c(O)c1,,,CHEMBL2176870,J Med Chem,2012,"{'bei': '25.70', 'le': '0.48', 'lle': '2.49', 'sei': '17.16'}",,CHEMBL2178307,,CHEMBL2178307,6.64,0,http://www.openphacts.org/units/Nanomolar,1751169,=,1,1,=,,IC50,nM,,230.0,CHEMBL1857,Escherichia coli K-12,Enoyl-[acyl-carrier-protein] reductase [NADH] FabI,83333,,,IC50,uM,UO_0000065,,0.23
,,12160727,[],CHEMBL2188149,Inhibition of Escherichia coli FabI using crotonoyl-CoA as substrate preincubated for 90 mins,B,,,BAO_0000190,BAO_0000019,assay format,Oc1cc(CCCn2cncn2)ccc1Oc1cccc(F)n1,,,CHEMBL2176870,J Med Chem,2012,"{'bei': '16.42', 'le': '0.31', 'lle': '2.22', 'sei': '7.06'}",,CHEMBL2177117,,CHEMBL2177117,5.16,0,http://www.openphacts.org/units/Nanomolar,1751168,=,1,1,=,,IC50,nM,,6900.0,CHEMBL1857,Escherichia coli K-12,Enoyl-[acyl-carrier-protein] reductase [NADH] FabI,83333,,,IC50,uM,UO_0000065,,6.9
,,12160728,[],CHEMBL2188149,Inhibition of Escherichia coli FabI using crotonoyl-CoA as substrate preincubated for 90 mins,B,,,BAO_0000190,BAO_0000019,assay format,Oc1cc(Cn2cncn2)ccc1Oc1cccc(F)n1,,,CHEMBL2176870,J Med Chem,2012,"{'bei': '18.46', 'le': '0.34', 'lle': '2.92', 'sei': '7.23'}",,CHEMBL2178306,,CHEMBL2178306,5.28,0,http://www.openphacts.org/units/Nanomolar,1751167,=,1,1,=,,IC50,nM,,5200.0,CHEMBL1857,Escherichia coli K-12,Enoyl-[acyl-carrier-protein] reductase [NADH] FabI,83333,,,IC50,uM,UO_0000065,,5.2
,,12160729,[],CHEMBL2188149,Inhibition of Escherichia coli FabI using crotonoyl-CoA as substrate preincubated for 90 mins,B,,,BAO_0000190,BAO_0000019,assay format,Oc1cc(Cn2ccnc2)ccc1Oc1cccc(F)n1,,,CHEMBL2176870,J Med Chem,2012,"{'bei': '14.90', 'le': '0.28', 'lle': '1.29', 'sei': '7.07'}",,CHEMBL2178326,,CHEMBL2178326,4.25,0,http://www.openphacts.org/units/Nanomolar,1751188,=,1,1,=,,IC50,nM,,56000.0,CHEMBL1857,Escherichia coli K-12,Enoyl-[acyl-carrier-protein] reductase [NADH] FabI,83333,,,IC50,uM,UO_0000065,,56.0
,,12160730,[],CHEMBL2188149,Inhibition of Escherichia coli FabI using crotonoyl-CoA as substrate preincubated for 90 mins,B,,,BAO_0000190,BAO_0000019,assay format,Oc1cc(C(O)C(F)(F)F)ccc1Oc1cccc(F)n1,,,CHEMBL2176870,J Med Chem,2012,"{'bei': '18.04', 'le': '0.36', 'lle': '2.16', 'sei': '8.74'}",,CHEMBL2178325,,CHEMBL2178325,5.47,0,http://www.openphacts.org/units/Nanomolar,1751187,=,1,1,=,,IC50,nM,,3400.0,CHEMBL1857,Escherichia coli K-12,Enoyl-[acyl-carrier-protein] reductase [NADH] FabI,83333,,,IC50,uM,UO_0000065,,3.4
,,12160731,[],CHEMBL2188149,Inhibition of Escherichia coli FabI using crotonoyl-CoA as substrate preincubated for 90 mins,B,,,BAO_0000190,BAO_0000019,assay format,COCc1ccc(Oc2cccc(F)n2)c(O)c1,,,CHEMBL2176870,J Med Chem,2012,"{'bei': '19.47', 'le': '0.37', 'lle': '1.98', 'sei': '9.41'}",,CHEMBL2178324,,CHEMBL2178324,4.85,0,http://www.openphacts.org/units/Nanomolar,1751186,=,1,1,=,,IC50,nM,,14000.0,CHEMBL1857,Escherichia coli K-12,Enoyl-[acyl-carrier-protein] reductase [NADH] FabI,83333,,,IC50,uM,UO_0000065,,14.0
,,12160732,[],CHEMBL2188149,Inhibition of Escherichia coli FabI using crotonoyl-CoA as substrate preincubated for 90 mins,B,,,BAO_0000190,BAO_0000019,assay format,OCc1ccc(Oc2cccc(F)n2)c(O)c1,,,CHEMBL2176870,J Med Chem,2012,"{'bei': '19.29', 'le': '0.36', 'lle': '2.33', 'sei': '7.25'}",,CHEMBL2178323,,CHEMBL2178323,4.54,0,http://www.openphacts.org/units/Nanomolar,1751185,=,1,1,=,,IC50,nM,,29000.0,CHEMBL1857,Escherichia coli K-12,Enoyl-[acyl-carrier-protein] reductase [NADH] FabI,83333,,,IC50,uM,UO_0000065,,29.0
,,12160733,[],CHEMBL2188149,Inhibition of Escherichia coli FabI using crotonoyl-CoA as substrate preincubated for 90 mins,B,,,BAO_0000190,BAO_0000019,assay format,Cc1ccc(-c2ccc(Oc3cccc(F)n3)c(O)c2)cc1,,,CHEMBL2176870,J Med Chem,2012,"{'bei': '17.56', 'le': '0.32', 'lle': '0.50', 'sei': '12.25'}",,CHEMBL2178322,,CHEMBL2178322,5.19,0,http://www.openphacts.org/units/Nanomolar,1751184,=,1,1,=,,IC50,nM,,6500.0,CHEMBL1857,Escherichia coli K-12,Enoyl-[acyl-carrier-protein] reductase [NADH] FabI,83333,,,IC50,uM,UO_0000065,,6.5
,,12160734,[],CHEMBL2188149,Inhibition of Escherichia coli FabI using crotonoyl-CoA as substrate preincubated for 90 mins,B,,,BAO_0000190,BAO_0000019,assay format,Oc1cc(C(F)=C(F)F)ccc1Oc1cccc(F)n1,,,CHEMBL2176870,J Med Chem,2012,"{'bei': '21.29', 'le': '0.41', 'lle': '1.82', 'sei': '14.33'}",,CHEMBL2178321,,CHEMBL2178321,6.07,0,http://www.openphacts.org/units/Nanomolar,1751183,=,1,1,=,,IC50,nM,,850.0,CHEMBL1857,Escherichia coli K-12,Enoyl-[acyl-carrier-protein] reductase [NADH] FabI,83333,,,IC50,uM,UO_0000065,,0.85
,,12160735,[],CHEMBL2188149,Inhibition of Escherichia coli FabI using crotonoyl-CoA as substrate preincubated for 90 mins,B,,,BAO_0000190,BAO_0000019,assay format,Oc1cc(CC(F)(F)F)ccc1Oc1cccc(F)n1,,,CHEMBL2176870,J Med Chem,2012,"{'bei': '22.03', 'le': '0.43', 'lle': '2.51', 'sei': '14.94'}",,CHEMBL2178320,,CHEMBL2178320,6.33,0,http://www.openphacts.org/units/Nanomolar,1751182,=,1,1,=,,IC50,nM,,470.0,CHEMBL1857,Escherichia coli K-12,Enoyl-[acyl-carrier-protein] reductase [NADH] FabI,83333,,,IC50,uM,UO_0000065,,0.47
,,12160736,[],CHEMBL2188149,Inhibition of Escherichia coli FabI using crotonoyl-CoA as substrate preincubated for 90 mins,B,,,BAO_0000190,BAO_0000019,assay format,CC(C)Cc1ccc(Oc2cccc(F)n2)c(O)c1,,,CHEMBL2176870,J Med Chem,2012,"{'bei': '23.90', 'le': '0.45', 'lle': '2.32', 'sei': '14.74'}",,CHEMBL2178319,,CHEMBL2178319,6.24,0,http://www.openphacts.org/units/Nanomolar,1751181,=,1,1,=,,IC50,nM,,570.0,CHEMBL1857,Escherichia coli K-12,Enoyl-[acyl-carrier-protein] reductase [NADH] FabI,83333,,,IC50,uM,UO_0000065,,0.57
,,12160737,[],CHEMBL2188149,Inhibition of Escherichia coli FabI using crotonoyl-CoA as substrate preincubated for 90 mins,B,,,BAO_0000190,BAO_0000019,assay format,CCCc1ccc(Oc2cccc(F)n2)c(O)c1,,,CHEMBL2176870,J Med Chem,2012,"{'bei': '24.32', 'le': '0.46', 'lle': '2.34', 'sei': '14.20'}",,CHEMBL2178318,,CHEMBL2178318,6.01,0,http://www.openphacts.org/units/Nanomolar,1751180,=,1,1,=,,IC50,nM,,970.0,CHEMBL1857,Escherichia coli K-12,Enoyl-[acyl-carrier-protein] reductase [NADH] FabI,83333,,,IC50,uM,UO_0000065,,0.97
,,12160738,[],CHEMBL2188149,Inhibition of Escherichia coli FabI using crotonoyl-CoA as substrate preincubated for 90 mins,B,,,BAO_0000190,BAO_0000019,assay format,CCc1ccc(Oc2cccc(F)n2)c(O)c1,,,CHEMBL2176870,J Med Chem,2012,"{'bei': '26.71', 'le': '0.50', 'lle': '2.95', 'sei': '14.71'}",,CHEMBL2178317,,CHEMBL2178317,6.23,0,http://www.openphacts.org/units/Nanomolar,1751179,=,1,1,=,,IC50,nM,,590.0,CHEMBL1857,Escherichia coli K-12,Enoyl-[acyl-carrier-protein] reductase [NADH] FabI,83333,,,IC50,uM,UO_0000065,,0.59
,,12160739,[],CHEMBL2188149,Inhibition of Escherichia coli FabI using crotonoyl-CoA as substrate preincubated for 90 mins,B,,,BAO_0000190,BAO_0000019,assay format,Cc1ccc(Oc2cccc(F)n2)c(O)c1,,,CHEMBL2176870,J Med Chem,2012,"{'bei': '24.89', 'le': '0.47', 'lle': '2.43', 'sei': '12.88'}",,CHEMBL2178316,,CHEMBL2178316,5.46,0,http://www.openphacts.org/units/Nanomolar,1751178,=,1,1,=,,IC50,nM,,3500.0,CHEMBL1857,Escherichia coli K-12,Enoyl-[acyl-carrier-protein] reductase [NADH] FabI,83333,,,IC50,uM,UO_0000065,,3.5
,,12160740,[],CHEMBL2188149,Inhibition of Escherichia coli FabI using crotonoyl-CoA as substrate preincubated for 90 mins,B,,,BAO_0000190,BAO_0000019,assay format,Oc1cc(Br)ccc1Oc1cccc(F)n1,,,CHEMBL2176870,J Med Chem,2012,"{'bei': '24.36', 'le': '0.59', 'lle': '3.44', 'sei': '16.34'}",,CHEMBL2178315,,CHEMBL2178315,6.92,0,http://www.openphacts.org/units/Nanomolar,1751177,=,1,1,=,,IC50,nM,,120.0,CHEMBL1857,Escherichia coli K-12,Enoyl-[acyl-carrier-protein] reductase [NADH] FabI,83333,,,IC50,uM,UO_0000065,,0.12
,,12160741,[],CHEMBL2188149,Inhibition of Escherichia coli FabI using crotonoyl-CoA as substrate preincubated for 90 mins,B,,,BAO_0000190,BAO_0000019,assay format,Oc1cc(Cl)ccc1Oc1cccc(F)n1,,,CHEMBL2176870,J Med Chem,2012,"{'bei': '26.12', 'le': '0.53', 'lle': '2.89', 'sei': '14.78'}",,CHEMBL2178327,,CHEMBL2178327,6.26,0,http://www.openphacts.org/units/Nanomolar,1751190,=,1,1,=,,IC50,nM,,550.0,CHEMBL1857,Escherichia coli K-12,Enoyl-[acyl-carrier-protein] reductase [NADH] FabI,83333,,,IC50,uM,UO_0000065,,0.55
,,12160742,[],CHEMBL2188149,Inhibition of Escherichia coli FabI using crotonoyl-CoA as substrate preincubated for 90 mins,B,,,BAO_0000190,BAO_0000019,assay format,Oc1cc(Cl)ccc1Oc1ccc(Cl)cc1Cl,,,CHEMBL2176870,J Med Chem,2012,"{'bei': '23.38', 'le': '0.54', 'lle': '1.63', 'sei': '22.98'}",,CHEMBL849,TRICLOSAN,CHEMBL849,6.77,0,http://www.openphacts.org/units/Nanomolar,1751189,=,1,1,=,,IC50,nM,,170.0,CHEMBL1857,Escherichia coli K-12,Enoyl-[acyl-carrier-protein] reductase [NADH] FabI,83333,,,IC50,uM,UO_0000065,,0.17
,,13318320,[],CHEMBL2389279,Inhibition of Escherichia coli FabI using 2-dodecenoyl-CoA as substrate at pH 8,B,,,BAO_0000190,BAO_0000019,assay format,CC(=O)C1=C(O)C=C2Oc3c(C(C)=O)c(O)c(C)c(O)c3[C@@]2(C)C1=O,,,CHEMBL2384958,J Nat Prod,2013,"{'bei': '12.57', 'le': '0.24', 'lle': '2.20', 'sei': '3.57'}",,CHEMBL367881,(+)-USNIC ACID,CHEMBL367881,4.33,0,http://www.openphacts.org/units/Nanomolar,1897181,=,1,1,=,,IC50,nM,,47000.0,CHEMBL1857,Escherichia coli K-12,Enoyl-[acyl-carrier-protein] reductase [NADH] FabI,83333,,,IC50,uM,UO_0000065,,47.0
,,13318321,[],CHEMBL2389279,Inhibition of Escherichia coli FabI using 2-dodecenoyl-CoA as substrate at pH 8,B,,,BAO_0000190,BAO_0000019,assay format,COc1cc(C(=O)O)c2c(c1C)OC(=O)c1c(C)cc(O)c(C=O)c1O2,Outside typical range,"Values for this activity type are unusually large/small, so may not be accurate",CHEMBL2384958,J Nat Prod,2013,,,CHEMBL176570,PSOROMIC ACID,CHEMBL176570,,0,http://www.openphacts.org/units/Nanomolar,1897183,>,1,1,>,,IC50,nM,,200000.0,CHEMBL1857,Escherichia coli K-12,Enoyl-[acyl-carrier-protein] reductase [NADH] FabI,83333,,,IC50,uM,UO_0000065,,200.0
,,13318322,[],CHEMBL2389279,Inhibition of Escherichia coli FabI using 2-dodecenoyl-CoA as substrate at pH 8,B,,,BAO_0000190,BAO_0000019,assay format,COC(=O)/C(=C1/OC(=O)C(c2ccccc2)=C1O)c1ccccc1,,,CHEMBL2384958,J Nat Prod,2013,"{'bei': '12.64', 'le': '0.23', 'lle': '0.98', 'sei': '5.60'}",,CHEMBL463212,VULPINIC ACID,CHEMBL463212,4.08,0,http://www.openphacts.org/units/Nanomolar,1897185,=,1,1,=,,IC50,nM,,84000.0,CHEMBL1857,Escherichia coli K-12,Enoyl-[acyl-carrier-protein] reductase [NADH] FabI,83333,,,IC50,uM,UO_0000065,,84.0
,,13318323,[],CHEMBL2389279,Inhibition of Escherichia coli FabI using 2-dodecenoyl-CoA as substrate at pH 8,B,,,BAO_0000190,BAO_0000019,assay format,COc1cc(C)c(C(=O)Oc2cc(C)c(C(=O)O)c(O)c2)c(O)c1,,,CHEMBL2384958,J Nat Prod,2013,"{'bei': '12.17', 'le': '0.23', 'lle': '1.41', 'sei': '3.57'}",,CHEMBL1484978,EVERNIC ACID,CHEMBL1484978,4.05,0,http://www.openphacts.org/units/Nanomolar,1897184,=,1,1,=,,IC50,nM,,90000.0,CHEMBL1857,Escherichia coli K-12,Enoyl-[acyl-carrier-protein] reductase [NADH] FabI,83333,,,IC50,uM,UO_0000065,,90.0
,,13318324,[],CHEMBL2389279,Inhibition of Escherichia coli FabI using 2-dodecenoyl-CoA as substrate at pH 8,B,,,BAO_0000190,BAO_0000019,assay format,Oc1cc(Cl)ccc1Oc1ccc(Cl)cc1Cl,,,CHEMBL2384958,J Nat Prod,2013,"{'bei': '28.67', 'le': '0.67', 'lle': '3.16', 'sei': '28.18'}",,CHEMBL849,TRICLOSAN,CHEMBL849,8.30,0,http://www.openphacts.org/units/Nanomolar,1897186,=,1,1,=,,IC50,nM,,5.0,CHEMBL1857,Escherichia coli K-12,Enoyl-[acyl-carrier-protein] reductase [NADH] FabI,83333,,,IC50,uM,UO_0000065,,0.005
"{'action_type': 'INHIBITOR', 'description': 'Negatively effects (inhibits) the normal functioning of the protein e.g., prevention of enzymatic reaction or activation of downstream pathway', 'parent_type': 'NEGATIVE MODULATOR'}",,22433246,[],CHEMBL4677026,Inhibition of Escherichia coli FabI using trans-2-octanoyl-N-acetylcysteamine as substrate by spectrophotometry,B,,,BAO_0000190,BAO_0000357,single protein format,O=C(O[C@@H]1Cc2c(O)cc(O)cc2O[C@@H]1c1cc(O)c(O)c(O)c1)c1cc(O)c(O)c(O)c1,,,CHEMBL4673265,Bioorg Med Chem Lett,2020,"{'bei': '11.56', 'le': '0.22', 'lle': '3.07', 'sei': '2.69'}",,CHEMBL297453,EPIGALOCATECHIN GALLATE,CHEMBL297453,5.30,0,http://www.openphacts.org/units/Nanomolar,3515259,=,1,1,=,,IC50,nM,,5000.0,CHEMBL1857,Escherichia coli K-12,Enoyl-[acyl-carrier-protein] reductase [NADH] FabI,83333,,,IC50,uM,UO_0000065,,5.0
"{'action_type': 'INHIBITOR', 'description': 'Negatively effects (inhibits) the normal functioning of the protein e.g., prevention of enzymatic reaction or activation of downstream pathway', 'parent_type': 'NEGATIVE MODULATOR'}",,22433316,[],CHEMBL4677083,Inhibition of Wild type Escherichia coli FabI,B,,,BAO_0000190,BAO_0000357,single protein format,CC(C)=CCC[C@@H](C)c1ccc(C)c(O)c1,,,CHEMBL4673265,Bioorg Med Chem Lett,2020,"{'bei': '21.83', 'le': '0.41', 'lle': '0.22', 'sei': '23.56'}",,CHEMBL460033,XANTHORRIZOL,CHEMBL460033,4.77,0,http://www.openphacts.org/units/Nanomolar,3515256,=,1,1,=,,IC50,nM,,17130.0,CHEMBL1857,Escherichia coli K-12,Enoyl-[acyl-carrier-protein] reductase [NADH] FabI,83333,,,IC50,uM,UO_0000065,,17.13
"{'action_type': 'INHIBITOR', 'description': 'Negatively effects (inhibits) the normal functioning of the protein e.g., prevention of enzymatic reaction or activation of downstream pathway', 'parent_type': 'NEGATIVE MODULATOR'}",,22433317,[],CHEMBL4677084,Inhibition of Escherichia coli FabI F203L mutant,B,P0AEK4,F203L,BAO_0000190,BAO_0000019,assay format,CC(C)=CCC[C@@H](C)c1ccc(C)c(O)c1,,,CHEMBL4673265,Bioorg Med Chem Lett,2020,"{'bei': '18.87', 'le': '0.35', 'lle': '-0.43', 'sei': '20.37'}",,CHEMBL460033,XANTHORRIZOL,CHEMBL460033,4.12,0,http://www.openphacts.org/units/Nanomolar,3515256,=,1,1,=,,IC50,nM,,75660.0,CHEMBL1857,Escherichia coli K-12,Enoyl-[acyl-carrier-protein] reductase [NADH] FabI,83333,,,IC50,uM,UO_0000065,,75.66
"{'action_type': 'INHIBITOR', 'description': 'Negatively effects (inhibits) the normal functioning of the protein e.g., prevention of enzymatic reaction or activation of downstream pathway', 'parent_type': 'NEGATIVE MODULATOR'}",,22433318,[],CHEMBL4677085,Inhibition of Escherichia coli FabI F203V mutant,B,P0AEK4,F203V,BAO_0000190,BAO_0000019,assay format,CC(C)=CCC[C@@H](C)c1ccc(C)c(O)c1,,,CHEMBL4673265,Bioorg Med Chem Lett,2020,"{'bei': '19.43', 'le': '0.36', 'lle': '-0.31', 'sei': '20.97'}",,CHEMBL460033,XANTHORRIZOL,CHEMBL460033,4.24,0,http://www.openphacts.org/units/Nanomolar,3515256,=,1,1,=,,IC50,nM,,57330.0,CHEMBL1857,Escherichia coli K-12,Enoyl-[acyl-carrier-protein] reductase [NADH] FabI,83333,,,IC50,uM,UO_0000065,,57.33
"{'action_type': 'INHIBITOR', 'description': 'Negatively effects (inhibits) the normal functioning of the protein e.g., prevention of enzymatic reaction or activation of downstream pathway', 'parent_type': 'NEGATIVE MODULATOR'}",,22433319,[],CHEMBL4677086,Inhibition of Escherichia coli FabI Y156V mutant,B,P0AEK4,Y156V,BAO_0000190,BAO_0000019,assay format,CC(C)=CCC[C@@H](C)c1ccc(C)c(O)c1,,,CHEMBL4673265,Bioorg Med Chem Lett,2020,"{'bei': '20.26', 'le': '0.38', 'lle': '-0.13', 'sei': '21.87'}",,CHEMBL460033,XANTHORRIZOL,CHEMBL460033,4.42,0,http://www.openphacts.org/units/Nanomolar,3515256,=,1,1,=,,IC50,nM,,37660.0,CHEMBL1857,Escherichia coli K-12,Enoyl-[acyl-carrier-protein] reductase [NADH] FabI,83333,,,IC50,uM,UO_0000065,,37.66
"{'action_type': 'INHIBITOR', 'description': 'Negatively effects (inhibits) the normal functioning of the protein e.g., prevention of enzymatic reaction or activation of downstream pathway', 'parent_type': 'NEGATIVE MODULATOR'}",,22433320,[],CHEMBL4677087,Inhibition of Escherichia coli FabI G93V mutant,B,P0AEK4,G93V,BAO_0000190,BAO_0000019,assay format,CC(C)=CCC[C@@H](C)c1ccc(C)c(O)c1,,,CHEMBL4673265,Bioorg Med Chem Lett,2020,"{'bei': '21.55', 'le': '0.40', 'lle': '0.15', 'sei': '23.26'}",,CHEMBL460033,XANTHORRIZOL,CHEMBL460033,4.71,0,http://www.openphacts.org/units/Nanomolar,3515256,=,1,1,=,,IC50,nM,,19740.0,CHEMBL1857,Escherichia coli K-12,Enoyl-[acyl-carrier-protein] reductase [NADH] FabI,83333,,,IC50,uM,UO_0000065,,19.74
"{'action_type': 'INHIBITOR', 'description': 'Negatively effects (inhibits) the normal functioning of the protein e.g., prevention of enzymatic reaction or activation of downstream pathway', 'parent_type': 'NEGATIVE MODULATOR'}",,24763446,[],CHEMBL5124418,Inhibition of Escherichia coli FabL assessed as measuring NADH consumption rate,B,,,BAO_0000190,BAO_0000357,single protein format,Cc1c(CN(C)C(=O)/C=C/c2cnc3c(c2)NC[C@@H](N)C(=O)N3)oc2ccccc12.Cl,,,CHEMBL5120880,J Med Chem,2022,,,CHEMBL5190472,,CHEMBL5221866,,0,http://www.openphacts.org/units/Nanomolar,3863807,<,1,1,<,,IC50,nM,,10.0,CHEMBL1857,Escherichia coli K-12,Enoyl-[acyl-carrier-protein] reductase [NADH] FabI,83333,,,IC50,nM,UO_0000065,,10.0
"{'action_type': 'INHIBITOR', 'description': 'Negatively effects (inhibits) the normal functioning of the protein e.g., prevention of enzymatic reaction or activation of downstream pathway', 'parent_type': 'NEGATIVE MODULATOR'}",,24763447,[],CHEMBL5124418,Inhibition of Escherichia coli FabL assessed as measuring NADH consumption rate,B,,,BAO_0000190,BAO_0000357,single protein format,Cc1c(CN(C)C(=O)/C=C/c2cnc3c(c2)CC[C@@H](N)C(=O)N3)oc2ccccc12.Cl,,,CHEMBL5120880,J Med Chem,2022,,,CHEMBL5190373,,CHEMBL5221942,,0,http://www.openphacts.org/units/Nanomolar,3863806,<,1,1,<,,IC50,nM,,10.0,CHEMBL1857,Escherichia coli K-12,Enoyl-[acyl-carrier-protein] reductase [NADH] FabI,83333,,,IC50,nM,UO_0000065,,10.0
"{'action_type': 'INHIBITOR', 'description': 'Negatively effects (inhibits) the normal functioning of the protein e.g., prevention of enzymatic reaction or activation of downstream pathway', 'parent_type': 'NEGATIVE MODULATOR'}",,24763448,[],CHEMBL5124418,Inhibition of Escherichia coli FabL assessed as measuring NADH consumption rate,B,,,BAO_0000190,BAO_0000357,single protein format,Cc1c(CN(C)C(=O)/C=C/c2cnc3c(c2)CC[C@@H](N)C(=O)C3)sc2ccccc12.Cl,,,CHEMBL5120880,J Med Chem,2022,,,CHEMBL5205550,,CHEMBL5222948,,0,http://www.openphacts.org/units/Nanomolar,3863805,<,1,1,<,,IC50,nM,,10.0,CHEMBL1857,Escherichia coli K-12,Enoyl-[acyl-carrier-protein] reductase [NADH] FabI,83333,,,IC50,nM,UO_0000065,,10.0
"{'action_type': 'INHIBITOR', 'description': 'Negatively effects (inhibits) the normal functioning of the protein e.g., prevention of enzymatic reaction or activation of downstream pathway', 'parent_type': 'NEGATIVE MODULATOR'}",,24763449,[],CHEMBL5124418,Inhibition of Escherichia coli FabL assessed as measuring NADH consumption rate,B,,,BAO_0000190,BAO_0000357,single protein format,Cc1c(CN(C)C(=O)/C=C/c2cnc3c(c2)CC[C@@H](N2CCCC2)C(=O)N3)oc2ccccc12,,,CHEMBL5120880,J Med Chem,2022,,,CHEMBL5200486,,CHEMBL5200486,,0,http://www.openphacts.org/units/Nanomolar,3863804,<,1,1,<,,IC50,nM,,10.0,CHEMBL1857,Escherichia coli K-12,Enoyl-[acyl-carrier-protein] reductase [NADH] FabI,83333,,,IC50,nM,UO_0000065,,10.0
"{'action_type': 'INHIBITOR', 'description': 'Negatively effects (inhibits) the normal functioning of the protein e.g., prevention of enzymatic reaction or activation of downstream pathway', 'parent_type': 'NEGATIVE MODULATOR'}",,24763450,[],CHEMBL5124418,Inhibition of Escherichia coli FabL assessed as measuring NADH consumption rate,B,,,BAO_0000190,BAO_0000357,single protein format,Cc1c(CN(C)C(=O)/C=C/c2cnc3c(c2)NC[C@@H](N2C[C@@H](C)O[C@@H](C)C2)C(=O)N3)oc2ccccc12,,,CHEMBL5120880,J Med Chem,2022,,,CHEMBL5202156,,CHEMBL5202156,,0,http://www.openphacts.org/units/Nanomolar,3863799,<,1,1,<,,IC50,nM,,10.0,CHEMBL1857,Escherichia coli K-12,Enoyl-[acyl-carrier-protein] reductase [NADH] FabI,83333,,,IC50,nM,UO_0000065,,10.0
"{'action_type': 'INHIBITOR', 'description': 'Negatively effects (inhibits) the normal functioning of the protein e.g., prevention of enzymatic reaction or activation of downstream pathway', 'parent_type': 'NEGATIVE MODULATOR'}",,24763451,[],CHEMBL5124418,Inhibition of Escherichia coli FabL assessed as measuring NADH consumption rate,B,,,BAO_0000190,BAO_0000357,single protein format,Cc1oc2c(N)cccc2c1CN(C)C(=O)/C=C/c1cnc2c(c1)CCC(N1CCCC1)C(=O)N2,,,CHEMBL5120880,J Med Chem,2022,,,CHEMBL5196531,,CHEMBL5196531,,0,http://www.openphacts.org/units/Nanomolar,3863798,<,1,1,<,,IC50,nM,,10.0,CHEMBL1857,Escherichia coli K-12,Enoyl-[acyl-carrier-protein] reductase [NADH] FabI,83333,,,IC50,nM,UO_0000065,,10.0
"{'action_type': 'INHIBITOR', 'description': 'Negatively effects (inhibits) the normal functioning of the protein e.g., prevention of enzymatic reaction or activation of downstream pathway', 'parent_type': 'NEGATIVE MODULATOR'}",,24994708,[],CHEMBL5231309,Inhibition of Escherichia coli FabI in the presence of NADH using crotonyl CoA as substrate by measuring NADH consumption rate,B,,,BAO_0000190,BAO_0000357,single protein format,CCc1cc(O)c(Oc2ccc(C(N)=O)cc2F)cc1F,,,CHEMBL5230110,Eur J Med Chem,2020,"{'bei': '24.68', 'le': '0.47', 'lle': '4.12', 'sei': '9.97'}",,CHEMBL2178284,,CHEMBL2178284,7.24,0,http://www.openphacts.org/units/Nanomolar,3908869,=,1,1,=,,IC50,nM,,58.0,CHEMBL1857,Escherichia coli K-12,Enoyl-[acyl-carrier-protein] reductase [NADH] FabI,83333,,,IC50,nM,UO_0000065,,58.0
"{'action_type': 'INHIBITOR', 'description': 'Negatively effects (inhibits) the normal functioning of the protein e.g., prevention of enzymatic reaction or activation of downstream pathway', 'parent_type': 'NEGATIVE MODULATOR'}",,24994709,[],CHEMBL5231309,Inhibition of Escherichia coli FabI in the presence of NADH using crotonyl CoA as substrate by measuring NADH consumption rate,B,,,BAO_0000190,BAO_0000357,single protein format,COc1ccc(-c2cn(Cc3ccc(C)cc3)cn2)cc1,,,CHEMBL5230110,Eur J Med Chem,2020,"{'bei': '18.65', 'le': '0.34', 'lle': '1.27', 'sei': '19.19'}",,CHEMBL65914,,CHEMBL65914,5.19,0,http://www.openphacts.org/units/Nanomolar,3908904,=,1,1,=,,IC50,nM,,6440.0,CHEMBL1857,Escherichia coli K-12,Enoyl-[acyl-carrier-protein] reductase [NADH] FabI,83333,,,IC50,uM,UO_0000065,,6.44
"{'action_type': 'INHIBITOR', 'description': 'Negatively effects (inhibits) the normal functioning of the protein e.g., prevention of enzymatic reaction or activation of downstream pathway', 'parent_type': 'NEGATIVE MODULATOR'}",,24994710,[],CHEMBL5231309,Inhibition of Escherichia coli FabI in the presence of NADH using crotonyl CoA as substrate by measuring NADH consumption rate,B,,,BAO_0000190,BAO_0000357,single protein format,Cc1ccc(Cn2cnc(-c3ccsc3)c2)cc1,,,CHEMBL5230110,Eur J Med Chem,2020,"{'bei': '21.26', 'le': '0.41', 'lle': '1.44', 'sei': '30.34'}",,CHEMBL64645,,CHEMBL64645,5.41,0,http://www.openphacts.org/units/Nanomolar,3908905,=,1,1,=,,IC50,nM,,3920.0,CHEMBL1857,Escherichia coli K-12,Enoyl-[acyl-carrier-protein] reductase [NADH] FabI,83333,,,IC50,uM,UO_0000065,,3.92
"{'action_type': 'INHIBITOR', 'description': 'Negatively effects (inhibits) the normal functioning of the protein e.g., prevention of enzymatic reaction or activation of downstream pathway', 'parent_type': 'NEGATIVE MODULATOR'}",,24994711,[],CHEMBL5231309,Inhibition of Escherichia coli FabI in the presence of NADH using crotonyl CoA as substrate by measuring NADH consumption rate,B,,,BAO_0000190,BAO_0000357,single protein format,O=c1ccn(Cc2cccc(Br)c2)cc1C(O)c1c(Cl)cccc1Cl,,,CHEMBL5230110,Eur J Med Chem,2020,"{'bei': '14.50', 'le': '0.35', 'lle': '1.32', 'sei': '15.08'}",,CHEMBL5268765,,CHEMBL5268765,6.37,0,http://www.openphacts.org/units/Nanomolar,3908888,=,1,1,=,,IC50,nM,,430.0,CHEMBL1857,Escherichia coli K-12,Enoyl-[acyl-carrier-protein] reductase [NADH] FabI,83333,,,IC50,uM,UO_0000065,,0.43
"{'action_type': 'INHIBITOR', 'description': 'Negatively effects (inhibits) the normal functioning of the protein e.g., prevention of enzymatic reaction or activation of downstream pathway', 'parent_type': 'NEGATIVE MODULATOR'}",,24994712,[],CHEMBL5231309,Inhibition of Escherichia coli FabI in the presence of NADH using crotonyl CoA as substrate by measuring NADH consumption rate,B,,,BAO_0000190,BAO_0000357,single protein format,Cc1cc(Cl)ccc1Oc1c[nH]c(COc2ccccc2)cc1=O,,,CHEMBL5230110,Eur J Med Chem,2020,"{'bei': '18.72', 'le': '0.36', 'lle': '1.69', 'sei': '12.47'}",,CHEMBL3623421,,CHEMBL3623421,6.40,0,http://www.openphacts.org/units/Nanomolar,3908890,=,1,1,=,,IC50,nM,,400.0,CHEMBL1857,Escherichia coli K-12,Enoyl-[acyl-carrier-protein] reductase [NADH] FabI,83333,,,IC50,uM,UO_0000065,,0.4
"{'action_type': 'INHIBITOR', 'description': 'Negatively effects (inhibits) the normal functioning of the protein e.g., prevention of enzymatic reaction or activation of downstream pathway', 'parent_type': 'NEGATIVE MODULATOR'}",,24994713,[],CHEMBL5231309,Inhibition of Escherichia coli FabI in the presence of NADH using crotonyl CoA as substrate by measuring NADH consumption rate,B,,,BAO_0000190,BAO_0000357,single protein format,Cc1cc(Cl)ccc1Oc1cn(C)c(COc2ccccc2)cc1=O,,,CHEMBL5230110,Eur J Med Chem,2020,"{'bei': '19.56', 'le': '0.38', 'lle': '2.24', 'sei': '17.20'}",,CHEMBL3623422,,CHEMBL3623422,6.96,0,http://www.openphacts.org/units/Nanomolar,3908891,=,1,1,=,,IC50,nM,,110.0,CHEMBL1857,Escherichia coli K-12,Enoyl-[acyl-carrier-protein] reductase [NADH] FabI,83333,,,IC50,uM,UO_0000065,,0.11
"{'action_type': 'INHIBITOR', 'description': 'Negatively effects (inhibits) the normal functioning of the protein e.g., prevention of enzymatic reaction or activation of downstream pathway', 'parent_type': 'NEGATIVE MODULATOR'}",,24994714,[],CHEMBL5231309,Inhibition of Escherichia coli FabI in the presence of NADH using crotonyl CoA as substrate by measuring NADH consumption rate,B,,,BAO_0000190,BAO_0000357,single protein format,Cc1cc(Cl)ccc1Oc1coc(/C=C/c2ccc[nH]2)cc1=O,,,CHEMBL5230110,Eur J Med Chem,2020,"{'bei': '20.91', 'le': '0.41', 'lle': '1.96', 'sei': '12.41'}",,CHEMBL3623402,,CHEMBL3623402,6.85,0,http://www.openphacts.org/units/Nanomolar,3908892,=,1,1,=,,IC50,nM,,140.0,CHEMBL1857,Escherichia coli K-12,Enoyl-[acyl-carrier-protein] reductase [NADH] FabI,83333,,,IC50,uM,UO_0000065,,0.14
"{'action_type': 'INHIBITOR', 'description': 'Negatively effects (inhibits) the normal functioning of the protein e.g., prevention of enzymatic reaction or activation of downstream pathway', 'parent_type': 'NEGATIVE MODULATOR'}",,24994797,[],CHEMBL5231345,Inhibition of Escherichia coli DH5alpha FabI in the presence of NADH using crotonyl CoA as substrate by measuring NADH consumption rate,B,,,BAO_0000190,BAO_0000357,single protein format,Cc1cccc(Cl)c1Cc1c(Cl)n(Cc2cccc(Cl)c2)ccc1=O,,,CHEMBL5230110,Eur J Med Chem,2020,"{'bei': '16.47', 'le': '0.35', 'lle': '0.71', 'sei': '29.40'}",,CHEMBL5274978,,CHEMBL5274978,6.47,0,http://www.openphacts.org/units/Nanomolar,3908884,=,1,1,=,,IC50,nM,,340.0,CHEMBL1857,Escherichia coli K-12,Enoyl-[acyl-carrier-protein] reductase [NADH] FabI,83333,,,IC50,uM,UO_0000065,,0.34
"{'action_type': 'INHIBITOR', 'description': 'Negatively effects (inhibits) the normal functioning of the protein e.g., prevention of enzymatic reaction or activation of downstream pathway', 'parent_type': 'NEGATIVE MODULATOR'}",,24994798,[],CHEMBL5231345,Inhibition of Escherichia coli DH5alpha FabI in the presence of NADH using crotonyl CoA as substrate by measuring NADH consumption rate,B,,,BAO_0000190,BAO_0000357,single protein format,Cc1cccc(Cl)c1Cc1c(Cl)n(Cc2cccs2)ccc1=O,,,CHEMBL5230110,Eur J Med Chem,2020,"{'bei': '17.56', 'le': '0.38', 'lle': '1.24', 'sei': '29.08'}",,CHEMBL5276897,,CHEMBL5276897,6.40,0,http://www.openphacts.org/units/Nanomolar,3908885,=,1,1,=,,IC50,nM,,400.0,CHEMBL1857,Escherichia coli K-12,Enoyl-[acyl-carrier-protein] reductase [NADH] FabI,83333,,,IC50,uM,UO_0000065,,0.4
"{'action_type': 'INHIBITOR', 'description': 'Negatively effects (inhibits) the normal functioning of the protein e.g., prevention of enzymatic reaction or activation of downstream pathway', 'parent_type': 'NEGATIVE MODULATOR'}",,24994799,[],CHEMBL5231345,Inhibition of Escherichia coli DH5alpha FabI in the presence of NADH using crotonyl CoA as substrate by measuring NADH consumption rate,B,,,BAO_0000190,BAO_0000357,single protein format,CC1CC(=O)c2c(cc3c(-c4c(O)cc(O)c5c(O)c6c(cc45)OC(C)CC6=O)c(O)cc(O)c3c2O)O1,,,CHEMBL5230110,Eur J Med Chem,2020,"{'bei': '11.08', 'le': '0.21', 'lle': '1.14', 'sei': '3.30'}",,CHEMBL463175,CEPHALOCHROMIN,CHEMBL463175,5.75,0,http://www.openphacts.org/units/Nanomolar,3908902,=,1,1,=,,IC50,nM,,1800.0,CHEMBL1857,Escherichia coli K-12,Enoyl-[acyl-carrier-protein] reductase [NADH] FabI,83333,,,IC50,uM,UO_0000065,,1.8
"{'action_type': 'INHIBITOR', 'description': 'Negatively effects (inhibits) the normal functioning of the protein e.g., prevention of enzymatic reaction or activation of downstream pathway', 'parent_type': 'NEGATIVE MODULATOR'}",,24994800,[],CHEMBL5231345,Inhibition of Escherichia coli DH5alpha FabI in the presence of NADH using crotonyl CoA as substrate by measuring NADH consumption rate,B,,,BAO_0000190,BAO_0000357,single protein format,C=CC(C)(C)C12C=C(O)C(=O)N3/C(=C/c4cnc[nH]4)C(=O)NC31N(OC)c1ccccc12,,,CHEMBL5230110,Eur J Med Chem,2020,"{'bei': '10.33', 'le': '0.19', 'lle': '2.13', 'sei': '4.04'}",,CHEMBL5277493,,CHEMBL5277493,4.48,0,http://www.openphacts.org/units/Nanomolar,3908920,=,1,1,=,,IC50,nM,,33200.0,CHEMBL1857,Escherichia coli K-12,Enoyl-[acyl-carrier-protein] reductase [NADH] FabI,83333,,,IC50,uM,UO_0000065,,33.2
"{'action_type': 'INHIBITOR', 'description': 'Negatively effects (inhibits) the normal functioning of the protein e.g., prevention of enzymatic reaction or activation of downstream pathway', 'parent_type': 'NEGATIVE MODULATOR'}",,24994801,[],CHEMBL5231345,Inhibition of Escherichia coli DH5alpha FabI in the presence of NADH using crotonyl CoA as substrate by measuring NADH consumption rate,B,,,BAO_0000190,BAO_0000357,single protein format,CCc1cc(O)c(Oc2ccc(C(N)=O)cc2F)cc1F,,,CHEMBL5230110,Eur J Med Chem,2020,"{'bei': '24.68', 'le': '0.47', 'lle': '4.12', 'sei': '9.97'}",,CHEMBL2178284,,CHEMBL2178284,7.24,0,http://www.openphacts.org/units/Nanomolar,3908869,=,1,1,=,,IC50,nM,,58.0,CHEMBL1857,Escherichia coli K-12,Enoyl-[acyl-carrier-protein] reductase [NADH] FabI,83333,,,IC50,nM,UO_0000065,,58.0
